Month,Day,1990,1991,1992,1993,1994,1995,1996,1997,1998,1999,2000,2001,2002,2003,2004,2005,2006,2007,2008,2009,2010,2011,2012,2013,2014,2015,2016,2017,2018,2019,2020,2021,2022,,,,,,,,,,,,,
Jan,1,0.19,0.99,0.11,0.53,0.86,0,0.83,0.56,0.09,0.99,0.24,0.35,0.95,0.03,0.69,0.73,0.03,0.94,0.4,0.21,0.99,0.1,0.52,0.85,0,0.86,0.58,0.1,0.99,0.2,0.34,0.94,0.03,,,,,,,,,,,,,
Jan,2,0.28,0.96,0.06,0.62,0.78,0.02,0.9,0.47,0.17,1,0.16,0.45,0.88,0,0.77,0.63,0.08,0.98,0.31,0.29,0.96,0.04,0.61,0.78,0.02,0.92,0.48,0.17,1,0.13,0.43,0.89,0,,,,,,,,,,,,,
Jan,3,0.39,0.9,0.02,0.72,0.68,0.06,0.95,0.37,0.26,0.98,0.1,0.55,0.8,0,0.85,0.53,0.15,1,0.23,0.39,0.9,0.01,0.7,0.68,0.06,0.97,0.39,0.25,0.97,0.07,0.52,0.81,0.01,,,,,,,,,,,,,
Jan,4,0.5,0.83,0,0.8,0.57,0.12,0.98,0.27,0.37,0.93,0.05,0.65,0.7,0.03,0.91,0.43,0.24,0.99,0.15,0.49,0.82,0,0.78,0.58,0.13,0.99,0.3,0.35,0.92,0.03,0.62,0.72,0.04,,,,,,,,,,,,,
Jan,5,0.61,0.74,0,0.88,0.45,0.2,1,0.18,0.48,0.87,0.02,0.75,0.59,0.08,0.95,0.33,0.35,0.96,0.09,0.6,0.72,0.01,0.86,0.47,0.22,1,0.22,0.46,0.85,0,0.71,0.61,0.1,,,,,,,,,,,,,
Jan,6,0.72,0.64,0.02,0.94,0.34,0.29,1,0.11,0.59,0.79,0,0.84,0.47,0.14,0.98,0.23,0.46,0.92,0.04,0.71,0.61,0.04,0.92,0.36,0.32,0.98,0.14,0.57,0.76,0,0.79,0.5,0.18,,,,,,,,,,,,,
Jan,7,0.82,0.54,0.05,0.98,0.24,0.38,0.98,0.05,0.7,0.71,0,0.92,0.36,0.22,1,0.14,0.57,0.85,0.01,0.81,0.5,0.09,0.96,0.26,0.42,0.95,0.08,0.68,0.66,0.02,0.87,0.39,0.27,,,,,,,,,,,,,
Jan,8,0.9,0.44,0.1,1,0.15,0.48,0.94,0.01,0.8,0.61,0.03,0.97,0.26,0.3,0.99,0.07,0.67,0.78,0,0.89,0.4,0.15,0.99,0.16,0.53,0.91,0.03,0.78,0.55,0.05,0.93,0.28,0.37,,,,,,,,,,,,,
Jan,9,0.96,0.34,0.17,0.99,0.08,0.57,0.89,0,0.88,0.52,0.06,1,0.17,0.39,0.97,0.02,0.77,0.7,0.01,0.95,0.3,0.23,1,0.08,0.63,0.84,0.01,0.87,0.45,0.1,0.98,0.18,0.47,,,,,,,,,,,,,
Jan,10,0.99,0.26,0.25,0.95,0.03,0.67,0.82,0.02,0.94,0.42,0.12,1,0.1,0.49,0.92,0,0.85,0.61,0.04,0.99,0.21,0.31,0.99,0.03,0.72,0.77,0,0.94,0.35,0.16,1,0.1,0.57,,,,,,,,,,,,,
Jan,11,1,0.18,0.33,0.88,0,0.75,0.74,0.07,0.98,0.33,0.19,0.96,0.05,0.58,0.86,0.01,0.91,0.51,0.09,1,0.13,0.4,0.95,0,0.81,0.69,0.02,0.98,0.27,0.24,0.99,0.04,0.66,,,,,,,,,,,,,
Jan,12,0.98,0.11,0.43,0.8,0,0.83,0.65,0.15,1,0.25,0.28,0.9,0.01,0.67,0.78,0.06,0.96,0.42,0.16,0.98,0.08,0.5,0.89,0.01,0.88,0.6,0.07,1,0.19,0.32,0.97,0.01,0.75,,,,,,,,,,,,,
Jan,13,0.94,0.06,0.53,0.7,0.03,0.89,0.55,0.24,0.99,0.17,0.38,0.82,0,0.76,0.69,0.12,0.99,0.33,0.25,0.93,0.03,0.59,0.81,0.04,0.93,0.5,0.14,0.99,0.12,0.42,0.91,0,0.82,,,,,,,,,,,,,
Jan,14,0.88,0.02,0.64,0.59,0.07,0.94,0.44,0.35,0.97,0.1,0.49,0.72,0.01,0.84,0.59,0.21,1,0.24,0.35,0.86,0.01,0.69,0.72,0.09,0.97,0.4,0.22,0.95,0.06,0.51,0.83,0.02,0.89,,,,,,,,,,,,,
Jan,15,0.81,0,0.74,0.47,0.13,0.98,0.34,0.46,0.93,0.05,0.59,0.62,0.03,0.9,0.48,0.31,0.99,0.16,0.46,0.77,0,0.78,0.61,0.17,0.99,0.31,0.33,0.89,0.03,0.62,0.74,0.06,0.94,,,,,,,,,,,,,
Jan,16,0.73,0,0.83,0.37,0.2,1,0.23,0.56,0.87,0.02,0.7,0.51,0.08,0.95,0.37,0.41,0.96,0.09,0.57,0.67,0.01,0.86,0.5,0.25,1,0.21,0.44,0.82,0,0.72,0.63,0.12,0.98,,,,,,,,,,,,,
Jan,17,0.64,0.02,0.91,0.27,0.28,0.99,0.14,0.67,0.8,0,0.8,0.41,0.14,0.99,0.26,0.51,0.92,0.04,0.68,0.57,0.04,0.92,0.38,0.35,0.99,0.13,0.55,0.74,0,0.81,0.52,0.19,1,,,,,,,,,,,,,
Jan,18,0.55,0.06,0.97,0.18,0.37,0.97,0.07,0.76,0.72,0.01,0.89,0.31,0.21,1,0.16,0.61,0.86,0.01,0.78,0.47,0.08,0.97,0.28,0.45,0.96,0.07,0.66,0.65,0.02,0.89,0.4,0.27,1,,,,,,,,,,,,,
Jan,19,0.45,0.11,1,0.11,0.46,0.93,0.02,0.84,0.63,0.03,0.95,0.22,0.29,0.99,0.09,0.71,0.79,0,0.87,0.37,0.14,1,0.18,0.54,0.91,0.02,0.76,0.55,0.05,0.95,0.3,0.36,0.98,,,,,,,,,,,,,
Jan,20,0.36,0.18,1,0.05,0.55,0.87,0,0.9,0.54,0.08,0.99,0.15,0.38,0.95,0.03,0.79,0.71,0.02,0.94,0.28,0.22,1,0.1,0.64,0.85,0,0.85,0.45,0.1,0.99,0.2,0.46,0.94,,,,,,,,,,,,,
Jan,21,0.27,0.27,0.96,0.02,0.65,0.79,0.01,0.95,0.44,0.16,1,0.09,0.47,0.89,0,0.86,0.62,0.07,0.98,0.2,0.3,0.97,0.04,0.72,0.77,0.01,0.92,0.36,0.17,1,0.12,0.55,0.89,,,,,,,,,,,,,
Jan,22,0.19,0.37,0.91,0,0.74,0.69,0.05,0.98,0.35,0.24,0.98,0.04,0.57,0.81,0.01,0.92,0.52,0.14,1,0.13,0.4,0.91,0.01,0.8,0.68,0.05,0.97,0.27,0.25,0.98,0.06,0.64,0.81,,,,,,,,,,,,,
Jan,23,0.12,0.48,0.83,0.01,0.82,0.59,0.12,1,0.26,0.35,0.93,0.01,0.66,0.72,0.03,0.96,0.42,0.22,0.99,0.08,0.5,0.83,0,0.87,0.58,0.12,0.99,0.19,0.34,0.93,0.02,0.73,0.73,,,,,,,,,,,,,
Jan,24,0.06,0.59,0.73,0.03,0.89,0.48,0.2,0.99,0.17,0.46,0.86,0,0.76,0.61,0.08,0.99,0.32,0.33,0.96,0.03,0.6,0.73,0.02,0.93,0.48,0.21,1,0.12,0.45,0.85,0,0.81,0.63,,,,,,,,,,,,,
Jan,25,0.02,0.7,0.63,0.07,0.95,0.37,0.29,0.97,0.1,0.57,0.78,0.01,0.84,0.49,0.15,1,0.23,0.44,0.91,0.01,0.7,0.63,0.05,0.97,0.37,0.31,0.98,0.07,0.55,0.76,0,0.88,0.52,,,,,,,,,,,,,
Jan,26,0,0.8,0.52,0.12,0.98,0.26,0.4,0.93,0.05,0.68,0.69,0.03,0.91,0.38,0.24,0.99,0.14,0.55,0.84,0,0.8,0.52,0.1,0.99,0.27,0.42,0.94,0.03,0.66,0.66,0.02,0.94,0.41,,,,,,,,,,,,,
Jan,27,0,0.89,0.42,0.19,1,0.16,0.5,0.88,0.01,0.78,0.59,0.07,0.97,0.28,0.33,0.96,0.07,0.66,0.76,0.01,0.88,0.4,0.17,1,0.17,0.52,0.89,0,0.77,0.55,0.06,0.98,0.3,,,,,,,,,,,,,
Jan,28,0.03,0.95,0.33,0.26,0.99,0.09,0.59,0.81,0,0.87,0.49,0.13,1,0.18,0.42,0.92,0.02,0.76,0.67,0.04,0.95,0.3,0.25,0.98,0.09,0.63,0.82,0,0.86,0.44,0.11,1,0.2,,,,,,,,,,,,,
Jan,29,0.08,0.99,0.24,0.35,0.95,0.03,0.69,0.73,0.02,0.94,0.4,0.2,1,0.1,0.52,0.86,0,0.85,0.58,0.09,0.99,0.21,0.34,0.95,0.04,0.73,0.75,0.02,0.93,0.34,0.18,0.99,0.11,,,,,,,,,,,,,
Jan,30,0.15,1,0.16,0.45,0.89,0.01,0.77,0.64,0.06,0.98,0.31,0.29,0.97,0.05,0.61,0.78,0.01,0.92,0.48,0.16,1,0.13,0.43,0.89,0.01,0.81,0.66,0.06,0.98,0.25,0.26,0.97,0.05,,,,,,,,,,,,,
Jan,31,0.24,0.98,0.1,0.55,0.81,0,0.84,0.54,0.13,1,0.22,0.38,0.91,0.01,0.7,0.7,0.05,0.96,0.39,0.24,0.98,0.07,0.52,0.82,0.01,0.88,0.57,0.13,1,0.17,0.35,0.92,0.01,,,,,,,,,,,,,
Feb,1,0.35,0.94,0.05,0.65,0.71,0.03,0.91,0.44,0.23,0.99,0.15,0.48,0.83,0,0.78,0.6,0.12,0.99,0.3,0.34,0.93,0.03,0.62,0.73,0.04,0.94,0.48,0.21,0.99,0.1,0.44,0.84,0,,,,,,,,,,,,,
Feb,2,0.46,0.87,0.02,0.74,0.61,0.08,0.95,0.34,0.33,0.97,0.09,0.59,0.73,0.01,0.85,0.49,0.2,1,0.22,0.44,0.86,0.01,0.71,0.63,0.09,0.98,0.38,0.31,0.95,0.05,0.53,0.75,0.02,,,,,,,,,,,,,
Feb,3,0.57,0.8,0,0.83,0.49,0.14,0.98,0.24,0.44,0.92,0.04,0.69,0.63,0.04,0.91,0.38,0.3,0.99,0.14,0.55,0.77,0,0.79,0.52,0.17,1,0.29,0.41,0.89,0.02,0.63,0.65,0.06,,,,,,,,,,,,,
Feb,4,0.68,0.71,0,0.91,0.38,0.22,1,0.15,0.55,0.85,0.01,0.79,0.52,0.09,0.96,0.27,0.41,0.95,0.08,0.66,0.67,0.02,0.87,0.41,0.26,1,0.2,0.53,0.81,0,0.73,0.54,0.13,,,,,,,,,,,,,
Feb,5,0.78,0.61,0.03,0.96,0.28,0.3,0.99,0.07,0.66,0.78,0,0.88,0.41,0.15,0.99,0.18,0.52,0.91,0.03,0.77,0.56,0.05,0.93,0.3,0.36,0.98,0.12,0.64,0.72,0,0.81,0.42,0.21,,,,,,,,,,,,,
Feb,6,0.87,0.52,0.06,0.99,0.18,0.4,0.97,0.02,0.76,0.69,0.01,0.95,0.31,0.23,1,0.1,0.62,0.84,0.01,0.86,0.46,0.1,0.97,0.2,0.46,0.95,0.06,0.75,0.62,0.02,0.89,0.31,0.3,,,,,,,,,,,,,
Feb,7,0.93,0.42,0.12,1,0.11,0.49,0.93,0,0.84,0.6,0.04,0.99,0.22,0.31,0.99,0.04,0.72,0.77,0,0.93,0.36,0.16,1,0.11,0.56,0.9,0.02,0.84,0.53,0.06,0.95,0.21,0.39,,,,,,,,,,,,,
Feb,8,0.98,0.33,0.19,0.97,0.05,0.58,0.87,0.01,0.91,0.51,0.08,1,0.14,0.4,0.95,0.01,0.8,0.69,0.02,0.98,0.27,0.24,1,0.05,0.66,0.83,0,0.91,0.43,0.11,0.99,0.13,0.49,,,,,,,,,,,,,
Feb,9,1,0.24,0.27,0.91,0.02,0.67,0.79,0.05,0.96,0.41,0.15,0.98,0.08,0.5,0.9,0,0.87,0.6,0.06,1,0.19,0.32,0.97,0.01,0.74,0.76,0.01,0.97,0.34,0.18,1,0.07,0.58,,,,,,,,,,,,,
Feb,10,1,0.17,0.37,0.83,0,0.76,0.7,0.11,0.99,0.32,0.23,0.93,0.03,0.59,0.82,0.03,0.93,0.5,0.12,0.99,0.12,0.42,0.92,0,0.82,0.67,0.04,1,0.25,0.26,0.98,0.02,0.67,,,,,,,,,,,,,
Feb,11,0.97,0.1,0.47,0.74,0.01,0.84,0.6,0.2,1,0.24,0.33,0.86,0.01,0.68,0.73,0.09,0.97,0.4,0.21,0.96,0.06,0.51,0.84,0.02,0.89,0.58,0.11,1,0.17,0.35,0.93,0,0.76,,,,,,,,,,,,,
Feb,12,0.93,0.05,0.58,0.63,0.03,0.9,0.49,0.3,0.99,0.16,0.44,0.78,0,0.77,0.63,0.16,0.99,0.31,0.31,0.9,0.03,0.61,0.75,0.06,0.94,0.48,0.19,0.98,0.11,0.45,0.86,0.01,0.83,,,,,,,,,,,,,
Feb,13,0.87,0.02,0.69,0.52,0.08,0.95,0.38,0.4,0.96,0.09,0.55,0.68,0.01,0.85,0.52,0.25,1,0.22,0.42,0.82,0,0.71,0.65,0.12,0.98,0.37,0.29,0.94,0.06,0.55,0.77,0.03,0.9,,,,,,,,,,,,,
Feb,14,0.8,0,0.79,0.42,0.14,0.98,0.28,0.51,0.92,0.04,0.66,0.58,0.04,0.92,0.41,0.34,0.99,0.14,0.53,0.74,0,0.8,0.53,0.19,1,0.27,0.4,0.88,0.02,0.66,0.67,0.07,0.95,,,,,,,,,,,,,
Feb,15,0.72,0.01,0.88,0.32,0.21,1,0.18,0.61,0.86,0.01,0.77,0.47,0.09,0.97,0.3,0.44,0.96,0.07,0.64,0.64,0.02,0.88,0.42,0.27,1,0.18,0.51,0.8,0,0.76,0.56,0.13,0.98,,,,,,,,,,,,,
Feb,16,0.63,0.03,0.94,0.23,0.29,0.99,0.1,0.7,0.79,0,0.86,0.38,0.15,0.99,0.2,0.54,0.91,0.02,0.75,0.55,0.05,0.95,0.31,0.37,0.98,0.1,0.62,0.72,0,0.85,0.45,0.2,1,,,,,,,,,,,,,
Feb,17,0.54,0.08,0.99,0.15,0.38,0.96,0.04,0.79,0.71,0.02,0.93,0.28,0.22,1,0.11,0.64,0.85,0,0.84,0.45,0.1,0.99,0.22,0.46,0.95,0.04,0.72,0.63,0.02,0.93,0.34,0.29,0.99,,,,,,,,,,,,,
Feb,18,0.44,0.15,1,0.09,0.47,0.9,0.01,0.86,0.62,0.06,0.98,0.2,0.3,0.97,0.05,0.72,0.77,0.01,0.91,0.36,0.16,1,0.13,0.55,0.89,0.01,0.81,0.54,0.06,0.98,0.25,0.37,0.97,,,,,,,,,,,,,
Feb,19,0.35,0.23,0.98,0.04,0.57,0.83,0,0.92,0.52,0.12,1,0.13,0.39,0.92,0.01,0.8,0.69,0.04,0.97,0.27,0.24,0.98,0.07,0.65,0.82,0,0.89,0.44,0.12,1,0.16,0.47,0.92,,,,,,,,,,,,,
Feb,20,0.26,0.33,0.94,0.01,0.66,0.73,0.03,0.96,0.42,0.21,0.99,0.08,0.49,0.84,0,0.87,0.59,0.11,0.99,0.19,0.34,0.93,0.03,0.73,0.74,0.03,0.94,0.35,0.2,0.99,0.1,0.56,0.85,,,,,,,,,,,,,
Feb,21,0.17,0.44,0.87,0,0.75,0.63,0.08,0.99,0.33,0.31,0.96,0.03,0.59,0.75,0.01,0.93,0.49,0.19,1,0.12,0.44,0.86,0,0.81,0.64,0.09,0.98,0.26,0.3,0.95,0.05,0.65,0.77,,,,,,,,,,,,,
Feb,22,0.1,0.55,0.79,0.01,0.84,0.52,0.15,1,0.23,0.42,0.91,0.01,0.7,0.65,0.05,0.97,0.38,0.29,0.98,0.07,0.54,0.77,0,0.88,0.53,0.17,1,0.18,0.4,0.89,0.02,0.74,0.67,,,,,,,,,,,,,
Feb,23,0.05,0.67,0.69,0.03,0.91,0.4,0.23,0.99,0.15,0.54,0.84,0,0.79,0.53,0.1,0.99,0.28,0.4,0.95,0.03,0.65,0.67,0.02,0.94,0.42,0.26,1,0.11,0.51,0.81,0,0.83,0.56,,,,,,,,,,,,,
Feb,24,0.01,0.77,0.59,0.07,0.96,0.29,0.32,0.97,0.07,0.65,0.76,0.01,0.88,0.42,0.17,1,0.18,0.51,0.89,0,0.75,0.56,0.06,0.98,0.31,0.36,0.97,0.06,0.62,0.71,0.01,0.9,0.45,,,,,,,,,,,,,
Feb,25,0,0.86,0.49,0.13,0.99,0.2,0.42,0.92,0.03,0.75,0.67,0.04,0.94,0.32,0.25,0.99,0.1,0.62,0.82,0,0.85,0.45,0.12,1,0.21,0.47,0.94,0.02,0.73,0.61,0.03,0.95,0.34,,,,,,,,,,,,,
Feb,26,0.02,0.93,0.4,0.2,1,0.11,0.52,0.86,0,0.84,0.57,0.09,0.98,0.22,0.34,0.95,0.04,0.72,0.74,0.02,0.92,0.35,0.18,0.99,0.12,0.57,0.88,0,0.83,0.51,0.07,0.99,0.23,,,,,,,,,,,,,
Feb,27,0.06,0.98,0.3,0.28,0.97,0.05,0.61,0.79,0.01,0.91,0.48,0.15,1,0.14,0.43,0.9,0.01,0.81,0.66,0.06,0.97,0.26,0.26,0.97,0.06,0.67,0.81,0.01,0.91,0.41,0.13,1,0.14,,,,,,,,,,,,,
Feb,28,0.12,1,0.22,0.38,0.92,0.02,0.7,0.7,0.04,0.96,0.38,0.23,0.98,0.08,0.53,0.83,0,0.88,0.57,0.12,1,0.18,0.35,0.92,0.01,0.76,0.74,0.04,0.96,0.31,0.19,0.98,0.07,,,,,,,,,,,,,
Feb,29,NA,NA,0.15,NA,NA,NA,0.78,NA,NA,NA,0.29,NA,NA,NA,0.62,NA,NA,NA,0.47,NA,NA,NA,0.44,NA,NA,NA,0.65,NA,NA,NA,0.27,NA,NA,,,,,,,,,,,,,
Mar,1,0.21,0.99,0.09,0.48,0.84,0,0.86,0.6,0.11,0.99,0.21,0.33,0.94,0.03,0.71,0.74,0.03,0.94,0.38,0.2,0.99,0.11,0.54,0.86,0,0.84,0.55,0.1,0.99,0.23,0.36,0.94,0.02,,,,,,,,,,,,,
Mar,2,0.31,0.97,0.04,0.58,0.75,0.01,0.92,0.5,0.19,1,0.14,0.43,0.87,0.01,0.79,0.64,0.08,0.98,0.29,0.29,0.95,0.06,0.63,0.77,0.02,0.9,0.46,0.18,1,0.15,0.46,0.87,0,,,,,,,,,,,,,
Mar,3,0.43,0.92,0.01,0.68,0.64,0.04,0.96,0.39,0.29,0.99,0.08,0.54,0.78,0,0.87,0.54,0.16,1,0.2,0.4,0.89,0.02,0.72,0.67,0.06,0.95,0.36,0.27,0.97,0.09,0.56,0.79,0.01,,,,,,,,,,,,,
Mar,4,0.54,0.85,0,0.78,0.53,0.09,0.99,0.29,0.4,0.95,0.03,0.65,0.68,0.02,0.93,0.42,0.25,1,0.12,0.51,0.82,0,0.81,0.56,0.12,0.98,0.26,0.38,0.93,0.05,0.66,0.68,0.04,,,,,,,,,,,,,
Mar,5,0.65,0.78,0.01,0.87,0.42,0.15,1,0.19,0.51,0.9,0.01,0.75,0.57,0.05,0.97,0.31,0.35,0.98,0.06,0.63,0.72,0,0.89,0.44,0.2,1,0.17,0.49,0.86,0.01,0.76,0.57,0.08,,,,,,,,,,,,,
Mar,6,0.75,0.69,0.04,0.94,0.32,0.23,0.99,0.1,0.61,0.84,0,0.85,0.46,0.1,0.99,0.21,0.46,0.95,0.02,0.73,0.63,0.02,0.95,0.33,0.29,1,0.1,0.61,0.78,0,0.85,0.46,0.15,,,,,,,,,,,,,
Mar,7,0.84,0.6,0.08,0.98,0.23,0.32,0.96,0.04,0.71,0.77,0.02,0.92,0.36,0.16,1,0.12,0.56,0.9,0,0.83,0.53,0.06,0.98,0.23,0.39,0.98,0.04,0.71,0.7,0.01,0.92,0.35,0.23,,,,,,,,,,,,,
Mar,8,0.91,0.5,0.15,1,0.15,0.41,0.91,0.01,0.8,0.68,0.06,0.97,0.27,0.24,0.97,0.06,0.66,0.83,0.01,0.91,0.43,0.11,1,0.14,0.49,0.94,0.01,0.81,0.6,0.03,0.97,0.25,0.31,,,,,,,,,,,,,
Mar,9,0.96,0.41,0.23,0.98,0.08,0.5,0.83,0,0.87,0.59,0.12,1,0.19,0.32,0.93,0.01,0.75,0.76,0.04,0.96,0.33,0.18,0.98,0.07,0.58,0.88,0,0.89,0.51,0.07,1,0.17,0.4,,,,,,,,,,,,,
Mar,10,0.99,0.32,0.32,0.94,0.04,0.59,0.75,0.03,0.93,0.5,0.2,0.99,0.12,0.42,0.86,0,0.82,0.67,0.1,0.99,0.25,0.26,0.94,0.03,0.67,0.81,0.03,0.95,0.41,0.13,0.99,0.09,0.5,,,,,,,,,,,,,
Mar,11,1,0.23,0.43,0.87,0.01,0.69,0.65,0.08,0.97,0.4,0.29,0.96,0.06,0.51,0.77,0.01,0.89,0.58,0.18,1,0.17,0.35,0.87,0,0.76,0.73,0.08,0.98,0.32,0.2,0.96,0.04,0.59,,,,,,,,,,,,,
Mar,12,0.99,0.16,0.54,0.78,0,0.77,0.54,0.15,0.99,0.31,0.4,0.9,0.03,0.61,0.67,0.05,0.94,0.48,0.28,0.98,0.11,0.44,0.79,0.01,0.83,0.64,0.16,1,0.24,0.29,0.89,0.01,0.68,,,,,,,,,,,,,
Mar,13,0.96,0.09,0.65,0.68,0.01,0.85,0.42,0.24,1,0.22,0.52,0.83,0.01,0.71,0.55,0.11,0.98,0.37,0.38,0.94,0.06,0.55,0.68,0.03,0.9,0.54,0.25,0.99,0.16,0.39,0.81,0,0.77,,,,,,,,,,,,,
Mar,14,0.92,0.04,0.75,0.58,0.04,0.92,0.31,0.34,0.99,0.14,0.63,0.74,0,0.8,0.44,0.19,1,0.27,0.5,0.88,0.02,0.65,0.57,0.07,0.95,0.43,0.36,0.97,0.1,0.5,0.71,0.01,0.84,,,,,,,,,,,,,
Mar,15,0.86,0.01,0.85,0.48,0.09,0.97,0.21,0.44,0.96,0.07,0.74,0.64,0.02,0.88,0.33,0.28,1,0.18,0.61,0.8,0,0.75,0.46,0.13,0.98,0.32,0.47,0.92,0.05,0.61,0.61,0.04,0.91,,,,,,,,,,,,,
Mar,16,0.79,0,0.92,0.38,0.15,0.99,0.12,0.54,0.91,0.03,0.83,0.55,0.05,0.94,0.23,0.37,0.98,0.1,0.71,0.72,0,0.84,0.35,0.21,1,0.22,0.58,0.86,0.01,0.72,0.5,0.08,0.96,,,,,,,,,,,,,
Mar,17,0.7,0.02,0.97,0.28,0.22,1,0.06,0.64,0.85,0,0.91,0.45,0.1,0.98,0.14,0.46,0.95,0.04,0.81,0.63,0.02,0.92,0.26,0.29,0.99,0.13,0.68,0.79,0,0.82,0.4,0.14,0.99,,,,,,,,,,,,,
Mar,18,0.61,0.05,1,0.2,0.3,0.98,0.01,0.73,0.77,0.01,0.96,0.35,0.16,1,0.07,0.56,0.89,0.01,0.88,0.53,0.06,0.97,0.17,0.38,0.97,0.06,0.77,0.71,0.01,0.9,0.3,0.22,1,,,,,,,,,,,,,
Mar,19,0.52,0.12,0.99,0.13,0.39,0.93,0,0.81,0.69,0.04,0.99,0.27,0.24,0.98,0.03,0.65,0.83,0,0.94,0.44,0.12,1,0.1,0.47,0.93,0.02,0.85,0.62,0.04,0.96,0.21,0.3,0.98,,,,,,,,,,,,,
Mar,20,0.42,0.2,0.96,0.07,0.49,0.86,0.01,0.88,0.59,0.1,1,0.19,0.33,0.94,0,0.74,0.74,0.03,0.98,0.35,0.2,0.99,0.05,0.57,0.86,0,0.91,0.53,0.09,0.99,0.14,0.39,0.95,,,,,,,,,,,,,
Mar,21,0.32,0.3,0.91,0.03,0.59,0.77,0.05,0.93,0.49,0.18,0.98,0.12,0.43,0.87,0,0.82,0.65,0.08,1,0.26,0.29,0.96,0.02,0.66,0.78,0.02,0.96,0.43,0.17,1,0.08,0.48,0.88,,,,,,,,,,,,,
Mar,22,0.23,0.41,0.84,0.01,0.69,0.66,0.1,0.97,0.39,0.28,0.94,0.07,0.53,0.79,0.02,0.88,0.54,0.16,1,0.18,0.39,0.9,0,0.75,0.68,0.06,0.99,0.33,0.26,0.97,0.04,0.58,0.8,,,,,,,,,,,,,
Mar,23,0.15,0.52,0.75,0,0.79,0.55,0.17,0.99,0.28,0.39,0.89,0.03,0.64,0.68,0.06,0.94,0.43,0.25,0.97,0.11,0.5,0.81,0.01,0.83,0.58,0.13,1,0.24,0.36,0.92,0.01,0.68,0.7,,,,,,,,,,,,,
Mar,24,0.08,0.63,0.66,0.01,0.87,0.44,0.26,1,0.19,0.5,0.82,0.01,0.74,0.57,0.12,0.98,0.32,0.36,0.93,0.06,0.61,0.72,0.03,0.9,0.46,0.21,0.99,0.16,0.47,0.85,0,0.77,0.59,,,,,,,,,,,,,
Mar,25,0.03,0.74,0.57,0.04,0.94,0.33,0.35,0.99,0.11,0.61,0.74,0,0.84,0.46,0.19,1,0.22,0.46,0.88,0.02,0.72,0.62,0.07,0.95,0.35,0.31,0.97,0.09,0.59,0.77,0.01,0.85,0.48,,,,,,,,,,,,,
Mar,26,0,0.83,0.47,0.09,0.98,0.23,0.44,0.95,0.04,0.71,0.65,0.02,0.92,0.36,0.27,1,0.13,0.57,0.81,0,0.82,0.51,0.13,0.99,0.24,0.41,0.93,0.04,0.7,0.67,0.04,0.92,0.37,,,,,,,,,,,,,
Mar,27,0.01,0.9,0.38,0.15,1,0.14,0.53,0.9,0.01,0.8,0.56,0.06,0.97,0.26,0.35,0.97,0.06,0.67,0.73,0.01,0.9,0.41,0.2,1,0.15,0.51,0.87,0.01,0.8,0.58,0.08,0.97,0.26,,,,,,,,,,,,,
Mar,28,0.04,0.96,0.29,0.23,0.99,0.08,0.63,0.83,0,0.88,0.46,0.12,1,0.18,0.45,0.93,0.02,0.76,0.64,0.04,0.96,0.31,0.28,0.99,0.08,0.61,0.8,0,0.88,0.48,0.14,1,0.17,,,,,,,,,,,,,
Mar,29,0.1,0.99,0.21,0.32,0.94,0.03,0.72,0.75,0.03,0.94,0.37,0.19,0.99,0.11,0.54,0.86,0,0.84,0.55,0.09,0.99,0.23,0.37,0.95,0.03,0.7,0.72,0.02,0.94,0.38,0.21,0.99,0.1,,,,,,,,,,,,,
Mar,30,0.18,1,0.14,0.42,0.87,0.01,0.8,0.65,0.08,0.98,0.28,0.28,0.96,0.05,0.64,0.78,0.01,0.9,0.45,0.17,1,0.15,0.46,0.88,0,0.78,0.62,0.07,0.98,0.29,0.3,0.96,0.04,,,,,,,,,,,,,
Mar,31,0.28,0.98,0.08,0.53,0.79,0,0.87,0.55,0.16,1,0.2,0.39,0.9,0.02,0.73,0.68,0.06,0.95,0.35,0.26,0.97,0.09,0.56,0.8,0.01,0.86,0.52,0.15,1,0.21,0.4,0.9,0.01,,,,,,,,,,,,,
April,1,0.39,0.95,0.03,0.64,0.69,0.02,0.93,0.43,0.25,1,0.12,0.5,0.82,0,0.81,0.57,0.12,0.98,0.26,0.37,0.93,0.04,0.66,0.7,0.03,0.92,0.42,0.24,0.99,0.14,0.5,0.82,0,,,,,,,,,,,,,
April,2,0.5,0.9,0.01,0.74,0.58,0.05,0.97,0.32,0.35,0.98,0.06,0.61,0.73,0,0.89,0.46,0.2,1,0.17,0.48,0.86,0.01,0.76,0.59,0.08,0.96,0.32,0.35,0.96,0.08,0.61,0.72,0.01,,,,,,,,,,,,,
April,3,0.61,0.84,0,0.84,0.47,0.1,1,0.22,0.46,0.94,0.02,0.72,0.63,0.02,0.95,0.34,0.3,1,0.1,0.59,0.78,0,0.84,0.48,0.15,0.99,0.22,0.46,0.91,0.04,0.71,0.61,0.05,,,,,,,,,,,,,
April,4,0.71,0.76,0.02,0.92,0.37,0.17,1,0.13,0.56,0.89,0,0.82,0.52,0.06,0.98,0.24,0.39,0.97,0.04,0.7,0.69,0.01,0.92,0.36,0.23,1,0.13,0.57,0.84,0.01,0.81,0.5,0.1,,,,,,,,,,,,,
April,5,0.8,0.67,0.05,0.97,0.27,0.25,0.98,0.06,0.66,0.83,0.01,0.9,0.42,0.11,1,0.15,0.49,0.94,0.01,0.8,0.6,0.03,0.97,0.26,0.32,0.99,0.06,0.68,0.76,0,0.89,0.39,0.17,,,,,,,,,,,,,
April,6,0.87,0.58,0.11,1,0.19,0.33,0.93,0.02,0.75,0.75,0.04,0.96,0.33,0.18,0.99,0.08,0.59,0.88,0,0.88,0.5,0.07,1,0.17,0.41,0.97,0.02,0.77,0.68,0.01,0.95,0.29,0.24,,,,,,,,,,,,,
April,7,0.93,0.49,0.19,0.99,0.12,0.42,0.86,0,0.83,0.66,0.09,0.99,0.24,0.26,0.95,0.03,0.68,0.81,0.02,0.94,0.4,0.13,0.99,0.1,0.51,0.92,0,0.86,0.58,0.04,0.99,0.2,0.33,,,,,,,,,,,,,
April,8,0.97,0.39,0.28,0.96,0.06,0.52,0.78,0.01,0.89,0.57,0.17,1,0.17,0.35,0.88,0,0.77,0.73,0.08,0.98,0.31,0.2,0.96,0.04,0.6,0.86,0.01,0.92,0.49,0.1,1,0.13,0.42,,,,,,,,,,,,,
April,9,0.99,0.3,0.39,0.9,0.02,0.62,0.68,0.05,0.94,0.47,0.26,0.98,0.1,0.44,0.8,0,0.84,0.64,0.15,1,0.23,0.29,0.9,0.01,0.69,0.78,0.06,0.97,0.4,0.16,0.97,0.07,0.51,,,,,,,,,,,,,
April,10,1,0.21,0.5,0.83,0,0.71,0.57,0.11,0.98,0.37,0.37,0.93,0.05,0.55,0.7,0.03,0.9,0.54,0.24,0.99,0.16,0.39,0.82,0,0.78,0.69,0.13,0.99,0.31,0.25,0.92,0.03,0.61,,,,,,,,,,,,,
April,11,0.98,0.14,0.61,0.74,0,0.8,0.45,0.19,1,0.27,0.48,0.87,0.02,0.65,0.59,0.07,0.95,0.43,0.35,0.96,0.09,0.49,0.72,0.01,0.85,0.58,0.22,1,0.22,0.35,0.85,0.01,0.7,,,,,,,,,,,,,
April,12,0.95,0.07,0.72,0.64,0.02,0.88,0.34,0.28,1,0.18,0.6,0.8,0,0.75,0.47,0.14,0.98,0.33,0.46,0.92,0.05,0.6,0.61,0.04,0.91,0.47,0.32,0.99,0.14,0.46,0.76,0,0.79,,,,,,,,,,,,,
April,13,0.9,0.03,0.82,0.54,0.05,0.94,0.24,0.38,0.98,0.11,0.7,0.71,0,0.84,0.36,0.21,1,0.22,0.57,0.86,0.01,0.71,0.5,0.09,0.96,0.36,0.42,0.95,0.08,0.57,0.66,0.02,0.87,,,,,,,,,,,,,
April,14,0.84,0,0.9,0.44,0.1,0.98,0.15,0.47,0.94,0.05,0.8,0.62,0.02,0.91,0.26,0.3,0.99,0.14,0.68,0.78,0,0.81,0.4,0.15,0.99,0.25,0.53,0.91,0.03,0.68,0.56,0.05,0.93,,,,,,,,,,,,,
April,15,0.77,0.01,0.96,0.35,0.17,1,0.08,0.57,0.89,0.01,0.88,0.52,0.06,0.97,0.17,0.39,0.97,0.06,0.77,0.7,0.01,0.89,0.3,0.22,1,0.16,0.63,0.85,0.01,0.79,0.45,0.1,0.98,,,,,,,,,,,,,
April,16,0.68,0.04,0.99,0.26,0.24,0.99,0.03,0.66,0.82,0,0.94,0.43,0.12,1,0.1,0.48,0.93,0.02,0.85,0.61,0.04,0.95,0.21,0.31,0.99,0.08,0.72,0.77,0,0.87,0.36,0.16,1,,,,,,,,,,,,,
April,17,0.59,0.09,1,0.18,0.33,0.95,0,0.75,0.74,0.03,0.98,0.34,0.19,0.99,0.05,0.58,0.86,0,0.91,0.52,0.09,0.99,0.14,0.4,0.95,0.03,0.81,0.69,0.02,0.94,0.27,0.23,0.99,,,,,,,,,,,,,
April,18,0.49,0.17,0.98,0.12,0.43,0.88,0,0.82,0.65,0.08,1,0.25,0.28,0.96,0.01,0.67,0.78,0.01,0.96,0.42,0.16,1,0.08,0.49,0.89,0,0.88,0.6,0.07,0.98,0.19,0.32,0.96,,,,,,,,,,,,,
April,19,0.39,0.27,0.94,0.06,0.53,0.79,0.02,0.89,0.55,0.15,0.99,0.17,0.38,0.9,0,0.76,0.69,0.06,0.99,0.33,0.25,0.97,0.03,0.59,0.81,0.01,0.93,0.5,0.14,1,0.12,0.41,0.91,,,,,,,,,,,,,
April,20,0.29,0.38,0.88,0.02,0.64,0.69,0.07,0.94,0.44,0.25,0.97,0.11,0.49,0.82,0.01,0.84,0.58,0.13,1,0.24,0.35,0.92,0.01,0.68,0.71,0.04,0.97,0.4,0.23,0.99,0.07,0.51,0.83,,,,,,,,,,,,,
April,21,0.19,0.49,0.81,0,0.74,0.58,0.12,0.98,0.33,0.35,0.93,0.05,0.6,0.72,0.03,0.9,0.47,0.21,0.99,0.16,0.46,0.85,0,0.77,0.61,0.09,0.99,0.3,0.33,0.95,0.03,0.62,0.73,,,,,,,,,,,,,
April,22,0.11,0.6,0.73,0,0.84,0.47,0.2,1,0.23,0.46,0.87,0.02,0.71,0.62,0.08,0.95,0.36,0.31,0.96,0.09,0.58,0.77,0.01,0.86,0.49,0.17,1,0.21,0.45,0.89,0.01,0.72,0.62,,,,,,,,,,,,,
April,23,0.05,0.71,0.64,0.02,0.91,0.36,0.28,1,0.14,0.57,0.8,0,0.81,0.51,0.13,0.99,0.25,0.41,0.92,0.04,0.69,0.67,0.04,0.92,0.38,0.25,0.99,0.13,0.56,0.82,0,0.81,0.51,,,,,,,,,,,,,
April,24,0.01,0.8,0.55,0.06,0.97,0.26,0.37,0.97,0.06,0.67,0.72,0.01,0.89,0.41,0.2,1,0.16,0.52,0.86,0.01,0.79,0.57,0.08,0.97,0.27,0.35,0.96,0.06,0.67,0.74,0.02,0.89,0.4,,,,,,,,,,,,,
April,25,0,0.88,0.45,0.11,1,0.18,0.46,0.93,0.02,0.76,0.63,0.04,0.96,0.31,0.29,0.99,0.08,0.62,0.79,0,0.87,0.47,0.14,1,0.17,0.44,0.91,0.02,0.77,0.65,0.05,0.95,0.29,,,,,,,,,,,,,
April,26,0.03,0.94,0.36,0.19,0.99,0.11,0.55,0.87,0,0.84,0.54,0.09,0.99,0.22,0.38,0.95,0.03,0.71,0.71,0.02,0.94,0.38,0.22,1,0.1,0.54,0.84,0,0.86,0.55,0.1,0.99,0.2,,,,,,,,,,,,,
April,27,0.08,0.98,0.27,0.28,0.96,0.05,0.65,0.78,0.01,0.91,0.44,0.16,1,0.15,0.47,0.89,0,0.79,0.62,0.07,0.98,0.28,0.3,0.96,0.04,0.64,0.77,0.01,0.92,0.46,0.17,1,0.12,,,,,,,,,,,,,
April,28,0.15,1,0.19,0.38,0.9,0.02,0.74,0.69,0.06,0.95,0.35,0.25,0.98,0.09,0.57,0.81,0.01,0.86,0.52,0.14,1,0.2,0.4,0.91,0.01,0.72,0.68,0.06,0.97,0.36,0.25,0.98,0.06,,,,,,,,,,,,,
April,29,0.24,1,0.12,0.49,0.82,0,0.82,0.58,0.12,0.99,0.26,0.35,0.93,0.04,0.67,0.71,0.03,0.92,0.42,0.23,0.99,0.13,0.5,0.83,0,0.8,0.58,0.12,0.99,0.27,0.35,0.92,0.02,,,,,,,,,,,,,
April,30,0.35,0.98,0.06,0.6,0.73,0,0.89,0.47,0.21,1,0.17,0.47,0.86,0.01,0.76,0.6,0.09,0.96,0.32,0.34,0.96,0.08,0.61,0.73,0.02,0.87,0.47,0.21,1,0.19,0.45,0.85,0,,,,,,,,,,,,,
May,1,0.46,0.94,0.02,0.71,0.63,0.03,0.95,0.35,0.3,0.99,0.1,0.58,0.78,0,0.85,0.48,0.16,0.99,0.22,0.45,0.9,0.03,0.71,0.62,0.05,0.93,0.36,0.32,0.98,0.12,0.56,0.76,0,,,,,,,,,,,,,
May,2,0.56,0.89,0,0.81,0.52,0.07,0.99,0.25,0.4,0.97,0.04,0.69,0.69,0.01,0.92,0.37,0.24,1,0.13,0.56,0.83,0.01,0.81,0.51,0.11,0.97,0.26,0.42,0.94,0.07,0.67,0.65,0.02,,,,,,,,,,,,,
May,3,0.66,0.82,0.01,0.9,0.42,0.12,1,0.15,0.5,0.93,0.01,0.79,0.59,0.03,0.97,0.27,0.33,0.99,0.07,0.67,0.75,0,0.89,0.4,0.17,0.99,0.16,0.53,0.89,0.03,0.78,0.55,0.06,,,,,,,,,,,,,
May,4,0.75,0.74,0.03,0.96,0.32,0.19,0.99,0.08,0.6,0.87,0,0.88,0.49,0.07,1,0.17,0.42,0.96,0.02,0.77,0.67,0.01,0.95,0.29,0.25,1,0.09,0.64,0.82,0,0.87,0.44,0.12,,,,,,,,,,,,,
May,5,0.83,0.65,0.09,0.99,0.23,0.27,0.95,0.03,0.69,0.81,0.02,0.94,0.39,0.13,1,0.1,0.52,0.92,0,0.85,0.57,0.04,0.99,0.2,0.34,0.98,0.03,0.74,0.74,0,0.94,0.34,0.18,,,,,,,,,,,,,
May,6,0.9,0.56,0.16,1,0.16,0.36,0.89,0,0.78,0.72,0.07,0.98,0.3,0.21,0.96,0.04,0.61,0.85,0.01,0.92,0.48,0.09,1,0.13,0.43,0.95,0,0.82,0.66,0.03,0.98,0.25,0.26,,,,,,,,,,,,,
May,7,0.95,0.46,0.25,0.98,0.1,0.45,0.8,0.01,0.85,0.63,0.14,1,0.22,0.29,0.9,0.01,0.7,0.78,0.06,0.97,0.39,0.16,0.98,0.07,0.53,0.89,0.01,0.89,0.57,0.07,1,0.17,0.35,,,,,,,,,,,,,
May,8,0.98,0.37,0.36,0.93,0.05,0.55,0.7,0.03,0.91,0.53,0.24,0.99,0.15,0.39,0.82,0,0.79,0.69,0.13,0.99,0.3,0.25,0.92,0.02,0.62,0.81,0.04,0.94,0.47,0.13,0.99,0.1,0.44,,,,,,,,,,,,,
May,9,1,0.27,0.47,0.87,0.02,0.65,0.59,0.08,0.96,0.43,0.34,0.96,0.09,0.49,0.72,0.01,0.86,0.58,0.21,1,0.21,0.34,0.85,0,0.71,0.72,0.1,0.98,0.37,0.22,0.95,0.05,0.54,,,,,,,,,,,,,
May,10,0.99,0.18,0.59,0.79,0,0.75,0.48,0.14,0.99,0.33,0.45,0.91,0.04,0.6,0.62,0.04,0.92,0.48,0.31,0.98,0.14,0.45,0.76,0,0.8,0.62,0.18,1,0.28,0.32,0.88,0.02,0.64,,,,,,,,,,,,,
May,11,0.98,0.1,0.7,0.7,0,0.84,0.37,0.22,1,0.23,0.57,0.85,0.01,0.71,0.51,0.09,0.96,0.37,0.42,0.95,0.08,0.56,0.66,0.02,0.87,0.5,0.27,1,0.19,0.43,0.8,0,0.73,,,,,,,,,,,,,
May,12,0.94,0.05,0.8,0.61,0.03,0.92,0.26,0.31,0.99,0.14,0.67,0.77,0,0.81,0.4,0.16,0.99,0.26,0.53,0.9,0.03,0.68,0.55,0.05,0.93,0.39,0.37,0.98,0.12,0.54,0.71,0,0.82,,,,,,,,,,,,,
May,13,0.89,0.01,0.88,0.51,0.07,0.97,0.17,0.4,0.97,0.07,0.77,0.69,0.01,0.89,0.3,0.23,1,0.16,0.63,0.84,0.01,0.78,0.45,0.1,0.98,0.28,0.47,0.94,0.06,0.66,0.62,0.02,0.9,,,,,,,,,,,,,
May,14,0.82,0,0.94,0.42,0.12,1,0.1,0.5,0.92,0.02,0.85,0.6,0.04,0.95,0.21,0.32,0.98,0.09,0.73,0.76,0,0.87,0.35,0.17,1,0.18,0.57,0.89,0.02,0.76,0.52,0.06,0.96,,,,,,,,,,,,,
May,15,0.74,0.02,0.98,0.32,0.2,0.99,0.05,0.59,0.86,0,0.92,0.5,0.09,0.99,0.13,0.41,0.95,0.03,0.81,0.68,0.02,0.94,0.26,0.24,0.99,0.1,0.67,0.83,0,0.85,0.42,0.11,0.99,,,,,,,,,,,,,
May,16,0.64,0.07,1,0.24,0.28,0.96,0.01,0.68,0.78,0.01,0.96,0.41,0.16,1,0.07,0.51,0.89,0,0.88,0.59,0.07,0.98,0.18,0.33,0.97,0.04,0.75,0.75,0.01,0.92,0.33,0.18,1,,,,,,,,,,,,,
May,17,0.54,0.15,0.99,0.16,0.38,0.9,0,0.77,0.69,0.06,0.99,0.32,0.25,0.98,0.03,0.6,0.81,0.01,0.93,0.49,0.14,1,0.11,0.42,0.91,0.01,0.83,0.66,0.05,0.97,0.24,0.27,0.98,,,,,,,,,,,,,
May,18,0.44,0.24,0.97,0.1,0.49,0.82,0.01,0.84,0.59,0.12,1,0.23,0.35,0.93,0.01,0.69,0.72,0.04,0.97,0.39,0.22,0.99,0.06,0.52,0.83,0,0.89,0.56,0.12,1,0.17,0.36,0.93,,,,,,,,,,,,,
May,19,0.33,0.35,0.92,0.05,0.6,0.72,0.04,0.91,0.48,0.21,0.99,0.15,0.46,0.85,0,0.78,0.61,0.1,0.99,0.3,0.32,0.95,0.02,0.62,0.74,0.02,0.94,0.46,0.2,1,0.1,0.46,0.85,,,,,,,,,,,,,
May,20,0.23,0.46,0.86,0.01,0.71,0.62,0.08,0.96,0.36,0.31,0.96,0.09,0.57,0.76,0.01,0.86,0.5,0.17,1,0.21,0.44,0.89,0,0.72,0.63,0.06,0.98,0.36,0.31,0.97,0.05,0.57,0.76,,,,,,,,,,,,,
May,21,0.14,0.57,0.79,0,0.81,0.51,0.14,0.99,0.26,0.42,0.91,0.04,0.68,0.67,0.04,0.93,0.38,0.26,0.98,0.13,0.55,0.81,0,0.82,0.52,0.12,1,0.26,0.42,0.93,0.02,0.67,0.65,,,,,,,,,,,,,
May,22,0.07,0.67,0.71,0.01,0.89,0.4,0.22,1,0.16,0.52,0.85,0.01,0.78,0.56,0.09,0.97,0.28,0.36,0.95,0.06,0.66,0.73,0.02,0.89,0.4,0.2,1,0.16,0.53,0.87,0,0.78,0.54,,,,,,,,,,,,,
May,23,0.02,0.76,0.62,0.04,0.96,0.3,0.3,0.99,0.08,0.62,0.78,0,0.87,0.46,0.15,1,0.18,0.46,0.9,0.02,0.77,0.63,0.05,0.95,0.3,0.29,0.98,0.09,0.64,0.79,0,0.87,0.43,,,,,,,,,,,,,
May,24,0,0.85,0.52,0.09,0.99,0.21,0.39,0.95,0.03,0.72,0.7,0.02,0.94,0.36,0.23,0.99,0.1,0.55,0.84,0,0.85,0.54,0.11,0.99,0.2,0.38,0.94,0.03,0.74,0.71,0.03,0.94,0.33,,,,,,,,,,,,,
May,25,0.01,0.91,0.43,0.16,1,0.14,0.48,0.89,0,0.8,0.61,0.07,0.98,0.27,0.31,0.96,0.04,0.65,0.76,0.01,0.92,0.44,0.17,1,0.12,0.47,0.88,0,0.83,0.62,0.07,0.98,0.23,,,,,,,,,,,,,
May,26,0.06,0.96,0.33,0.25,0.98,0.08,0.58,0.81,0.01,0.87,0.51,0.14,1,0.19,0.41,0.91,0.01,0.74,0.67,0.05,0.97,0.35,0.26,0.98,0.06,0.57,0.81,0.01,0.9,0.53,0.14,1,0.15,,,,,,,,,,,,,
May,27,0.12,0.99,0.24,0.35,0.93,0.04,0.68,0.71,0.04,0.93,0.41,0.23,0.99,0.12,0.51,0.83,0,0.81,0.57,0.12,1,0.26,0.35,0.93,0.02,0.66,0.72,0.04,0.95,0.43,0.22,0.99,0.09,,,,,,,,,,,,,
May,28,0.21,1,0.16,0.46,0.86,0.01,0.77,0.61,0.09,0.97,0.31,0.33,0.95,0.07,0.61,0.73,0.02,0.88,0.47,0.21,1,0.18,0.46,0.85,0,0.75,0.62,0.1,0.98,0.34,0.31,0.94,0.04,,,,,,,,,,,,,
May,29,0.3,0.99,0.09,0.58,0.77,0,0.85,0.49,0.16,0.99,0.22,0.44,0.9,0.03,0.71,0.62,0.06,0.94,0.36,0.31,0.98,0.11,0.56,0.76,0.01,0.82,0.51,0.18,1,0.25,0.42,0.88,0.01,,,,,,,,,,,,,
May,30,0.41,0.97,0.04,0.69,0.68,0.01,0.92,0.38,0.25,1,0.13,0.56,0.83,0.01,0.81,0.51,0.11,0.97,0.26,0.42,0.94,0.06,0.67,0.65,0.03,0.89,0.4,0.28,0.99,0.17,0.53,0.79,0,,,,,,,,,,,,,
May,31,0.51,0.92,0.01,0.79,0.58,0.04,0.97,0.27,0.34,0.99,0.06,0.67,0.74,0,0.89,0.4,0.19,0.99,0.17,0.53,0.88,0.02,0.78,0.54,0.07,0.95,0.29,0.38,0.97,0.1,0.65,0.7,0.01,,,,,,,,,,,,,
June,1,0.61,0.87,0,0.88,0.48,0.08,1,0.18,0.44,0.96,0.02,0.77,0.65,0.01,0.95,0.29,0.27,1,0.09,0.64,0.81,0,0.87,0.43,0.13,0.98,0.19,0.49,0.93,0.05,0.75,0.59,0.03,,,,,,,,,,,,,
June,2,0.7,0.8,0.02,0.94,0.38,0.14,0.99,0.1,0.53,0.91,0,0.85,0.56,0.05,0.99,0.2,0.36,0.98,0.03,0.74,0.73,0,0.94,0.33,0.2,1,0.11,0.59,0.87,0.01,0.85,0.49,0.08,,,,,,,,,,,,,
June,3,0.79,0.71,0.07,0.98,0.29,0.22,0.96,0.04,0.63,0.85,0.01,0.92,0.46,0.1,1,0.12,0.45,0.94,0,0.82,0.64,0.03,0.98,0.24,0.28,0.99,0.04,0.69,0.8,0,0.92,0.39,0.14,,,,,,,,,,,,,
June,4,0.86,0.62,0.14,1,0.21,0.3,0.91,0.01,0.72,0.77,0.05,0.97,0.37,0.17,0.98,0.06,0.54,0.89,0.01,0.89,0.55,0.07,1,0.16,0.36,0.96,0.01,0.78,0.72,0.01,0.97,0.3,0.21,,,,,,,,,,,,,
June,5,0.92,0.52,0.23,0.99,0.14,0.4,0.82,0,0.8,0.68,0.12,0.99,0.28,0.25,0.92,0.02,0.64,0.81,0.04,0.95,0.45,0.13,0.99,0.09,0.46,0.91,0,0.85,0.63,0.05,1,0.21,0.29,,,,,,,,,,,,,
June,6,0.96,0.42,0.34,0.96,0.08,0.5,0.73,0.02,0.87,0.58,0.21,1,0.2,0.35,0.85,0,0.73,0.72,0.1,0.98,0.36,0.22,0.94,0.05,0.56,0.84,0.03,0.91,0.54,0.11,0.99,0.14,0.38,,,,,,,,,,,,,
June,7,0.99,0.32,0.45,0.91,0.03,0.6,0.62,0.05,0.93,0.48,0.31,0.98,0.13,0.45,0.76,0,0.81,0.62,0.18,1,0.27,0.32,0.88,0.01,0.65,0.75,0.07,0.96,0.44,0.2,0.97,0.08,0.48,,,,,,,,,,,,,
June,8,1,0.22,0.56,0.84,0.01,0.71,0.51,0.1,0.97,0.37,0.42,0.95,0.07,0.56,0.65,0.02,0.88,0.51,0.27,1,0.18,0.42,0.8,0,0.74,0.64,0.14,0.99,0.34,0.3,0.92,0.04,0.58,,,,,,,,,,,,,
June,9,0.99,0.14,0.67,0.76,0,0.81,0.4,0.17,0.99,0.26,0.53,0.89,0.03,0.67,0.55,0.06,0.94,0.4,0.38,0.97,0.11,0.54,0.7,0.01,0.83,0.53,0.22,1,0.24,0.41,0.85,0.01,0.69,,,,,,,,,,,,,
June,10,0.96,0.07,0.77,0.67,0.01,0.89,0.29,0.25,1,0.17,0.64,0.83,0,0.78,0.44,0.11,0.98,0.29,0.48,0.94,0.05,0.65,0.6,0.03,0.9,0.41,0.31,0.99,0.16,0.52,0.77,0,0.78,,,,,,,,,,,,,
June,11,0.92,0.02,0.85,0.58,0.04,0.95,0.2,0.34,0.98,0.09,0.73,0.75,0,0.87,0.34,0.18,1,0.19,0.58,0.88,0.01,0.76,0.5,0.07,0.96,0.3,0.41,0.97,0.08,0.63,0.68,0.01,0.87,,,,,,,,,,,,,
June,12,0.86,0,0.92,0.48,0.09,0.99,0.13,0.43,0.95,0.03,0.82,0.66,0.02,0.94,0.25,0.26,0.99,0.1,0.68,0.82,0,0.85,0.41,0.12,0.99,0.2,0.51,0.93,0.03,0.74,0.58,0.04,0.94,,,,,,,,,,,,,
June,13,0.78,0.01,0.97,0.39,0.16,1,0.07,0.52,0.89,0,0.89,0.57,0.07,0.98,0.17,0.35,0.96,0.04,0.76,0.74,0.01,0.92,0.31,0.19,1,0.12,0.6,0.87,0,0.83,0.49,0.08,0.98,,,,,,,,,,,,,
June,14,0.69,0.06,0.99,0.3,0.25,0.97,0.03,0.62,0.81,0.01,0.94,0.48,0.13,1,0.1,0.44,0.91,0.01,0.84,0.65,0.05,0.97,0.23,0.28,0.98,0.06,0.69,0.8,0.01,0.9,0.39,0.15,1,,,,,,,,,,,,,
June,15,0.59,0.12,1,0.21,0.35,0.92,0.01,0.71,0.72,0.04,0.98,0.38,0.22,0.99,0.05,0.54,0.83,0,0.9,0.55,0.11,1,0.15,0.37,0.93,0.02,0.78,0.71,0.04,0.96,0.3,0.22,0.99,,,,,,,,,,,,,
June,16,0.48,0.21,0.99,0.14,0.45,0.85,0,0.79,0.62,0.1,1,0.28,0.32,0.95,0.02,0.64,0.74,0.02,0.95,0.45,0.2,1,0.09,0.47,0.85,0,0.85,0.61,0.1,0.99,0.22,0.32,0.94,,,,,,,,,,,,,
June,17,0.37,0.31,0.95,0.08,0.57,0.76,0.02,0.87,0.5,0.18,1,0.2,0.43,0.88,0,0.73,0.63,0.07,0.98,0.35,0.3,0.97,0.04,0.57,0.76,0.01,0.91,0.51,0.18,1,0.14,0.42,0.87,,,,,,,,,,,,,
June,18,0.26,0.42,0.9,0.03,0.68,0.66,0.05,0.93,0.39,0.27,0.98,0.12,0.55,0.81,0,0.82,0.52,0.13,1,0.25,0.41,0.92,0.01,0.68,0.65,0.04,0.96,0.4,0.28,0.99,0.08,0.53,0.79,,,,,,,,,,,,,
June,19,0.16,0.53,0.84,0.01,0.78,0.55,0.1,0.97,0.28,0.37,0.95,0.06,0.66,0.72,0.02,0.9,0.41,0.21,0.99,0.16,0.53,0.86,0,0.78,0.54,0.09,0.99,0.29,0.39,0.96,0.04,0.64,0.69,,,,,,,,,,,,,
June,20,0.08,0.63,0.77,0,0.87,0.45,0.17,1,0.18,0.47,0.9,0.02,0.76,0.62,0.06,0.96,0.3,0.3,0.97,0.08,0.64,0.78,0.01,0.87,0.43,0.15,1,0.19,0.5,0.91,0.01,0.75,0.58,,,,,,,,,,,,,
June,21,0.03,0.72,0.68,0.02,0.94,0.35,0.24,0.99,0.1,0.57,0.83,0,0.85,0.52,0.11,0.99,0.2,0.39,0.93,0.03,0.74,0.7,0.03,0.94,0.32,0.23,0.99,0.11,0.6,0.85,0,0.84,0.47,,,,,,,,,,,,,
June,22,0,0.81,0.59,0.07,0.98,0.26,0.33,0.96,0.04,0.66,0.75,0.01,0.93,0.42,0.18,1,0.12,0.49,0.88,0,0.83,0.6,0.08,0.98,0.23,0.31,0.96,0.05,0.7,0.77,0.01,0.92,0.37,,,,,,,,,,,,,
June,23,0.01,0.88,0.49,0.14,1,0.18,0.42,0.91,0.01,0.75,0.66,0.05,0.97,0.33,0.27,0.98,0.06,0.58,0.8,0.01,0.9,0.51,0.14,1,0.15,0.4,0.91,0.01,0.79,0.69,0.05,0.97,0.27,,,,,,,,,,,,,
June,24,0.04,0.93,0.4,0.22,0.99,0.11,0.52,0.83,0,0.83,0.57,0.12,1,0.25,0.36,0.92,0.02,0.67,0.72,0.04,0.96,0.41,0.22,0.98,0.08,0.5,0.84,0,0.87,0.6,0.11,1,0.19,,,,,,,,,,,,,
June,25,0.09,0.97,0.3,0.33,0.95,0.06,0.62,0.74,0.02,0.89,0.46,0.21,1,0.17,0.46,0.85,0,0.76,0.62,0.1,0.99,0.32,0.32,0.94,0.04,0.59,0.75,0.03,0.93,0.5,0.19,0.99,0.12,,,,,,,,,,,,,
June,26,0.17,1,0.21,0.44,0.89,0.02,0.72,0.63,0.06,0.94,0.36,0.31,0.97,0.1,0.57,0.76,0.01,0.84,0.51,0.18,1,0.24,0.42,0.87,0.01,0.68,0.65,0.08,0.97,0.4,0.29,0.96,0.06,,,,,,,,,,,,,
June,27,0.26,1,0.13,0.56,0.82,0,0.81,0.51,0.12,0.98,0.26,0.42,0.93,0.05,0.67,0.65,0.03,0.9,0.4,0.28,0.99,0.16,0.53,0.79,0,0.77,0.54,0.15,0.99,0.31,0.4,0.9,0.03,,,,,,,,,,,,,
June,28,0.35,0.99,0.06,0.67,0.73,0,0.89,0.4,0.2,1,0.16,0.53,0.87,0.02,0.78,0.54,0.08,0.95,0.29,0.39,0.96,0.09,0.64,0.69,0.01,0.85,0.43,0.24,1,0.22,0.51,0.83,0.01,,,,,,,,,,,,,
June,29,0.45,0.95,0.02,0.77,0.64,0.02,0.95,0.3,0.28,1,0.09,0.64,0.8,0,0.87,0.43,0.14,0.98,0.19,0.49,0.92,0.04,0.75,0.58,0.04,0.91,0.32,0.34,0.99,0.14,0.62,0.74,0,,,,,,,,,,,,,
June,30,0.55,0.91,0,0.86,0.54,0.05,0.99,0.2,0.37,0.98,0.03,0.74,0.71,0.01,0.94,0.33,0.21,1,0.11,0.6,0.86,0.01,0.85,0.48,0.09,0.96,0.21,0.44,0.96,0.07,0.73,0.65,0.02,,,,,,,,,,,,,
July,1,0.64,0.84,0.01,0.92,0.44,0.11,1,0.12,0.47,0.94,0,0.83,0.62,0.03,0.98,0.23,0.29,0.99,0.04,0.7,0.79,0,0.92,0.38,0.15,0.99,0.12,0.54,0.91,0.03,0.83,0.55,0.05,,,,,,,,,,,,,
July,2,0.73,0.76,0.05,0.97,0.35,0.17,0.97,0.06,0.56,0.88,0.01,0.9,0.53,0.07,1,0.15,0.38,0.96,0.01,0.79,0.71,0.01,0.97,0.29,0.22,1,0.06,0.64,0.85,0,0.91,0.45,0.1,,,,,,,,,,,,,
July,3,0.81,0.67,0.12,1,0.26,0.26,0.92,0.02,0.65,0.81,0.04,0.95,0.44,0.14,0.98,0.09,0.48,0.91,0,0.86,0.62,0.05,1,0.2,0.3,0.98,0.02,0.73,0.77,0.01,0.96,0.35,0.16,,,,,,,,,,,,,
July,4,0.88,0.57,0.21,1,0.18,0.35,0.85,0,0.74,0.72,0.1,0.99,0.34,0.22,0.94,0.04,0.57,0.84,0.03,0.92,0.52,0.11,0.99,0.13,0.4,0.93,0,0.81,0.69,0.04,0.99,0.27,0.24,,,,,,,,,,,,,
July,5,0.93,0.47,0.31,0.98,0.12,0.46,0.75,0.01,0.82,0.62,0.18,1,0.25,0.32,0.88,0.01,0.67,0.75,0.07,0.96,0.42,0.19,0.96,0.07,0.49,0.86,0.01,0.88,0.59,0.09,1,0.19,0.33,,,,,,,,,,,,,
July,6,0.97,0.36,0.42,0.94,0.06,0.56,0.65,0.03,0.89,0.51,0.28,0.99,0.17,0.42,0.79,0,0.76,0.65,0.15,0.99,0.32,0.29,0.91,0.03,0.59,0.77,0.05,0.93,0.49,0.18,0.98,0.12,0.43,,,,,,,,,,,,,
July,7,1,0.26,0.53,0.88,0.02,0.67,0.54,0.07,0.94,0.4,0.38,0.97,0.1,0.54,0.69,0.01,0.84,0.53,0.23,1,0.23,0.4,0.84,0.01,0.69,0.66,0.1,0.97,0.39,0.27,0.94,0.06,0.54,,,,,,,,,,,,,
July,8,1,0.16,0.64,0.81,0,0.78,0.43,0.12,0.98,0.29,0.49,0.93,0.05,0.65,0.59,0.03,0.91,0.42,0.33,0.99,0.15,0.52,0.75,0,0.79,0.55,0.18,0.99,0.28,0.38,0.89,0.03,0.64,,,,,,,,,,,,,
July,9,0.98,0.08,0.74,0.73,0,0.87,0.33,0.19,1,0.19,0.59,0.87,0.01,0.76,0.49,0.08,0.96,0.31,0.42,0.96,0.08,0.63,0.66,0.01,0.87,0.44,0.26,1,0.19,0.5,0.82,0,0.75,,,,,,,,,,,,,
July,10,0.94,0.03,0.82,0.64,0.03,0.94,0.24,0.27,0.99,0.1,0.69,0.8,0,0.85,0.39,0.13,0.99,0.21,0.52,0.92,0.03,0.74,0.57,0.04,0.94,0.33,0.35,0.99,0.11,0.61,0.74,0,0.84,,,,,,,,,,,,,
July,11,0.89,0,0.89,0.55,0.07,0.98,0.16,0.36,0.96,0.04,0.78,0.72,0.01,0.92,0.3,0.21,1,0.12,0.62,0.86,0,0.83,0.47,0.09,0.98,0.23,0.44,0.95,0.04,0.71,0.65,0.02,0.92,,,,,,,,,,,,,
July,12,0.81,0.01,0.95,0.46,0.14,1,0.1,0.45,0.91,0.01,0.85,0.63,0.05,0.97,0.22,0.29,0.98,0.06,0.71,0.79,0.01,0.91,0.37,0.15,1,0.14,0.54,0.9,0.01,0.8,0.55,0.06,0.97,,,,,,,,,,,,,
July,13,0.72,0.04,0.98,0.36,0.22,0.98,0.05,0.55,0.84,0,0.91,0.54,0.12,1,0.14,0.38,0.93,0.02,0.79,0.7,0.04,0.96,0.29,0.23,0.98,0.08,0.63,0.83,0,0.88,0.46,0.12,1,,,,,,,,,,,,,
July,14,0.62,0.1,1,0.27,0.32,0.94,0.02,0.65,0.75,0.02,0.96,0.44,0.2,0.99,0.08,0.48,0.85,0,0.86,0.6,0.1,0.99,0.2,0.32,0.94,0.03,0.72,0.75,0.03,0.94,0.37,0.19,0.99,,,,,,,,,,,,,
July,15,0.51,0.18,1,0.19,0.43,0.88,0,0.74,0.64,0.07,0.99,0.34,0.3,0.97,0.04,0.58,0.76,0.01,0.92,0.5,0.18,1,0.13,0.42,0.87,0.01,0.8,0.65,0.08,0.98,0.28,0.28,0.96,,,,,,,,,,,,,
July,16,0.39,0.27,0.98,0.11,0.54,0.8,0.01,0.83,0.53,0.14,1,0.24,0.41,0.92,0.01,0.68,0.66,0.04,0.96,0.39,0.28,0.98,0.07,0.53,0.78,0,0.87,0.54,0.16,1,0.19,0.39,0.9,,,,,,,,,,,,,
July,17,0.28,0.38,0.94,0.05,0.66,0.7,0.03,0.9,0.41,0.22,0.99,0.15,0.53,0.85,0,0.78,0.54,0.09,0.99,0.29,0.39,0.95,0.03,0.64,0.68,0.02,0.93,0.43,0.25,1,0.12,0.5,0.82,,,,,,,,,,,,,
July,18,0.18,0.48,0.88,0.02,0.76,0.61,0.07,0.96,0.3,0.31,0.97,0.08,0.64,0.77,0.01,0.87,0.43,0.16,1,0.19,0.5,0.9,0.01,0.75,0.57,0.06,0.97,0.32,0.35,0.98,0.06,0.61,0.72,,,,,,,,,,,,,
July,19,0.1,0.58,0.82,0,0.85,0.51,0.12,0.99,0.2,0.41,0.93,0.03,0.74,0.68,0.04,0.94,0.32,0.24,0.99,0.11,0.61,0.83,0,0.84,0.47,0.11,1,0.22,0.46,0.94,0.02,0.72,0.62,,,,,,,,,,,,,
July,20,0.04,0.68,0.74,0.01,0.92,0.41,0.19,1,0.12,0.51,0.87,0,0.83,0.58,0.08,0.98,0.23,0.33,0.96,0.04,0.71,0.75,0.02,0.92,0.36,0.17,1,0.13,0.56,0.89,0,0.82,0.52,,,,,,,,,,,,,
July,21,0.01,0.76,0.65,0.05,0.97,0.32,0.27,0.98,0.06,0.6,0.8,0.01,0.91,0.49,0.15,1,0.15,0.42,0.91,0.01,0.8,0.67,0.06,0.97,0.27,0.25,0.97,0.06,0.66,0.82,0.01,0.9,0.42,,,,,,,,,,,,,
July,22,0,0.84,0.55,0.12,1,0.23,0.37,0.93,0.02,0.69,0.71,0.04,0.96,0.4,0.23,0.98,0.08,0.52,0.84,0,0.88,0.58,0.11,1,0.18,0.34,0.93,0.02,0.75,0.75,0.04,0.96,0.32,,,,,,,,,,,,,
July,23,0.02,0.9,0.45,0.21,0.99,0.16,0.47,0.85,0,0.78,0.61,0.1,0.99,0.31,0.32,0.94,0.03,0.61,0.75,0.03,0.93,0.48,0.19,0.99,0.11,0.43,0.86,0,0.83,0.66,0.09,0.99,0.24,,,,,,,,,,,,,
July,24,0.07,0.95,0.35,0.31,0.97,0.1,0.57,0.76,0.01,0.85,0.51,0.18,1,0.22,0.42,0.87,0.01,0.7,0.65,0.08,0.97,0.39,0.29,0.96,0.06,0.53,0.78,0.01,0.9,0.56,0.17,1,0.16,,,,,,,,,,,,,
July,25,0.13,0.98,0.25,0.42,0.92,0.05,0.68,0.65,0.04,0.91,0.4,0.28,0.99,0.15,0.53,0.78,0,0.78,0.54,0.15,1,0.29,0.39,0.9,0.02,0.62,0.67,0.05,0.95,0.47,0.27,0.98,0.1,,,,,,,,,,,,,
July,26,0.21,1,0.16,0.53,0.86,0.02,0.78,0.54,0.08,0.96,0.29,0.39,0.96,0.09,0.64,0.68,0.02,0.86,0.43,0.24,1,0.21,0.51,0.82,0,0.72,0.56,0.12,0.98,0.37,0.37,0.93,0.05,,,,,,,,,,,,,
July,27,0.3,1,0.08,0.64,0.78,0,0.87,0.43,0.15,0.99,0.19,0.5,0.91,0.04,0.75,0.58,0.05,0.92,0.32,0.35,0.98,0.13,0.62,0.73,0,0.8,0.45,0.2,1,0.27,0.49,0.87,0.02,,,,,,,,,,,,,
July,28,0.39,0.97,0.03,0.74,0.7,0.01,0.94,0.32,0.22,1,0.11,0.61,0.85,0.01,0.84,0.47,0.1,0.97,0.21,0.45,0.95,0.07,0.73,0.63,0.02,0.88,0.34,0.29,1,0.18,0.6,0.79,0,,,,,,,,,,,,,
July,29,0.49,0.93,0,0.83,0.61,0.03,0.98,0.23,0.31,0.99,0.04,0.71,0.77,0,0.92,0.37,0.16,0.99,0.12,0.55,0.9,0.02,0.83,0.53,0.06,0.94,0.23,0.38,0.98,0.1,0.71,0.7,0.01,,,,,,,,,,,,,
July,30,0.58,0.88,0.01,0.9,0.51,0.08,1,0.15,0.4,0.96,0.01,0.79,0.69,0.02,0.97,0.28,0.23,1,0.06,0.65,0.84,0,0.9,0.43,0.11,0.98,0.14,0.48,0.94,0.04,0.81,0.61,0.03,,,,,,,,,,,,,
July,31,0.67,0.8,0.04,0.95,0.42,0.14,0.98,0.08,0.49,0.91,0,0.87,0.6,0.05,1,0.19,0.32,0.98,0.01,0.74,0.76,0.01,0.96,0.34,0.17,1,0.07,0.58,0.89,0.01,0.88,0.51,0.07,,,,,,,,,,,,,
August,1,0.76,0.71,0.1,0.99,0.33,0.22,0.94,0.04,0.59,0.84,0.03,0.93,0.5,0.11,0.99,0.12,0.41,0.93,0,0.82,0.67,0.04,0.99,0.25,0.25,0.99,0.03,0.67,0.82,0,0.94,0.42,0.13,,,,,,,,,,,,,
August,2,0.83,0.62,0.19,1,0.24,0.32,0.87,0.01,0.68,0.75,0.08,0.97,0.41,0.19,0.96,0.07,0.51,0.86,0.01,0.89,0.58,0.1,1,0.18,0.34,0.94,0,0.75,0.74,0.03,0.98,0.33,0.2,,,,,,,,,,,,,
August,3,0.9,0.51,0.28,0.99,0.16,0.42,0.79,0,0.77,0.65,0.15,0.99,0.31,0.29,0.9,0.03,0.61,0.77,0.05,0.94,0.48,0.18,0.98,0.11,0.44,0.88,0,0.83,0.64,0.08,1,0.24,0.29,,,,,,,,,,,,,
August,4,0.95,0.4,0.39,0.96,0.1,0.53,0.69,0.01,0.85,0.54,0.24,1,0.22,0.4,0.83,0.01,0.7,0.67,0.11,0.98,0.38,0.27,0.94,0.06,0.54,0.79,0.03,0.9,0.54,0.16,0.99,0.17,0.39,,,,,,,,,,,,,
August,5,0.99,0.29,0.5,0.92,0.04,0.64,0.59,0.04,0.92,0.42,0.34,0.99,0.14,0.51,0.74,0,0.79,0.56,0.18,1,0.28,0.38,0.88,0.02,0.65,0.69,0.07,0.95,0.43,0.25,0.97,0.1,0.5,,,,,,,,,,,,,
August,6,1,0.19,0.6,0.86,0.01,0.75,0.48,0.08,0.96,0.31,0.44,0.96,0.07,0.63,0.65,0.02,0.88,0.44,0.27,1,0.18,0.5,0.8,0,0.75,0.58,0.13,0.98,0.32,0.36,0.92,0.05,0.61,,,,,,,,,,,,,
August,7,0.99,0.1,0.7,0.79,0,0.85,0.38,0.14,0.99,0.21,0.54,0.91,0.03,0.73,0.55,0.05,0.94,0.33,0.36,0.98,0.1,0.61,0.72,0,0.84,0.46,0.2,1,0.22,0.47,0.86,0.02,0.71,,,,,,,,,,,,,
August,8,0.96,0.04,0.79,0.71,0.02,0.92,0.29,0.22,1,0.12,0.64,0.85,0,0.83,0.45,0.1,0.98,0.23,0.46,0.95,0.04,0.71,0.63,0.02,0.92,0.36,0.29,1,0.13,0.58,0.79,0,0.81,,,,,,,,,,,,,
August,9,0.91,0.01,0.86,0.62,0.05,0.97,0.21,0.3,0.98,0.06,0.73,0.77,0.01,0.9,0.36,0.16,1,0.14,0.56,0.9,0.01,0.81,0.54,0.06,0.97,0.26,0.37,0.97,0.06,0.68,0.71,0.01,0.9,,,,,,,,,,,,,
August,10,0.84,0,0.92,0.52,0.12,1,0.13,0.39,0.93,0.01,0.81,0.69,0.04,0.96,0.27,0.24,0.99,0.07,0.65,0.83,0,0.88,0.44,0.12,1,0.17,0.47,0.93,0.02,0.77,0.62,0.04,0.96,,,,,,,,,,,,,
August,11,0.75,0.03,0.96,0.42,0.2,0.99,0.08,0.49,0.86,0,0.87,0.59,0.1,0.99,0.19,0.33,0.94,0.03,0.74,0.74,0.03,0.94,0.35,0.2,0.99,0.1,0.56,0.86,0,0.85,0.53,0.09,0.99,,,,,,,,,,,,,
August,12,0.64,0.08,0.99,0.33,0.3,0.96,0.03,0.59,0.77,0.01,0.93,0.49,0.18,1,0.12,0.43,0.88,0,0.82,0.65,0.08,0.98,0.26,0.29,0.96,0.05,0.66,0.78,0.02,0.91,0.43,0.17,1,,,,,,,,,,,,,
August,13,0.53,0.15,1,0.23,0.41,0.91,0.01,0.69,0.66,0.05,0.97,0.39,0.28,0.98,0.07,0.53,0.79,0,0.88,0.54,0.16,1,0.18,0.39,0.9,0.02,0.75,0.68,0.06,0.96,0.34,0.26,0.97,,,,,,,,,,,,,
August,14,0.41,0.23,0.99,0.15,0.52,0.84,0,0.79,0.55,0.1,0.99,0.28,0.39,0.94,0.03,0.64,0.68,0.02,0.94,0.43,0.25,0.99,0.11,0.5,0.81,0,0.83,0.57,0.13,0.99,0.25,0.36,0.92,,,,,,,,,,,,,
August,15,0.3,0.32,0.96,0.08,0.63,0.76,0.01,0.87,0.43,0.17,1,0.19,0.5,0.89,0.01,0.75,0.57,0.06,0.98,0.32,0.36,0.97,0.06,0.61,0.72,0.01,0.9,0.46,0.21,1,0.16,0.48,0.85,,,,,,,,,,,,,
August,16,0.2,0.42,0.92,0.03,0.74,0.67,0.04,0.94,0.32,0.25,0.99,0.11,0.61,0.82,0,0.84,0.46,0.12,1,0.22,0.46,0.93,0.02,0.72,0.62,0.03,0.95,0.35,0.31,0.99,0.09,0.59,0.77,,,,,,,,,,,,,
August,17,0.12,0.52,0.86,0,0.83,0.57,0.09,0.98,0.23,0.34,0.95,0.04,0.71,0.74,0.02,0.92,0.36,0.19,1,0.13,0.57,0.88,0,0.82,0.51,0.07,0.99,0.24,0.41,0.97,0.04,0.7,0.68,,,,,,,,,,,,,
August,18,0.06,0.62,0.79,0.01,0.9,0.47,0.15,1,0.14,0.44,0.9,0.01,0.8,0.65,0.06,0.97,0.26,0.27,0.97,0.06,0.67,0.81,0.01,0.9,0.41,0.13,1,0.15,0.51,0.92,0.01,0.8,0.58,,,,,,,,,,,,,
August,19,0.02,0.71,0.7,0.04,0.96,0.38,0.23,0.99,0.08,0.53,0.83,0,0.88,0.56,0.12,1,0.18,0.35,0.93,0.02,0.76,0.73,0.04,0.96,0.31,0.2,0.99,0.07,0.61,0.87,0,0.88,0.48,,,,,,,,,,,,,
August,20,0,0.79,0.6,0.1,0.99,0.29,0.32,0.94,0.03,0.63,0.75,0.03,0.94,0.47,0.19,0.99,0.11,0.45,0.86,0,0.84,0.64,0.09,0.99,0.23,0.28,0.95,0.02,0.7,0.8,0.03,0.94,0.38,,,,,,,,,,,,,
August,21,0.01,0.86,0.5,0.18,1,0.21,0.42,0.87,0,0.72,0.65,0.08,0.98,0.37,0.28,0.96,0.05,0.54,0.78,0.02,0.9,0.55,0.17,1,0.15,0.37,0.88,0,0.78,0.71,0.08,0.98,0.29,,,,,,,,,,,,,
August,22,0.04,0.92,0.39,0.28,0.98,0.14,0.53,0.79,0,0.8,0.54,0.16,1,0.28,0.39,0.9,0.02,0.64,0.68,0.06,0.95,0.45,0.26,0.97,0.09,0.46,0.8,0.01,0.86,0.62,0.15,1,0.21,,,,,,,,,,,,,
August,23,0.09,0.96,0.29,0.39,0.95,0.08,0.64,0.68,0.02,0.87,0.43,0.25,1,0.2,0.5,0.82,0,0.73,0.57,0.12,0.98,0.35,0.37,0.93,0.04,0.56,0.7,0.03,0.92,0.52,0.24,0.99,0.14,,,,,,,,,,,,,
August,24,0.16,0.99,0.19,0.5,0.9,0.03,0.75,0.58,0.05,0.93,0.32,0.35,0.98,0.12,0.61,0.73,0,0.81,0.45,0.2,1,0.26,0.48,0.86,0.01,0.66,0.59,0.08,0.96,0.42,0.35,0.96,0.08,,,,,,,,,,,,,
August,25,0.24,1,0.11,0.61,0.84,0.01,0.84,0.47,0.1,0.97,0.22,0.46,0.94,0.06,0.72,0.63,0.02,0.89,0.34,0.3,0.99,0.17,0.6,0.78,0,0.76,0.47,0.15,0.99,0.32,0.46,0.91,0.04,,,,,,,,,,,,,
August,26,0.32,0.99,0.04,0.71,0.76,0,0.92,0.36,0.17,1,0.13,0.56,0.89,0.02,0.82,0.52,0.06,0.95,0.23,0.39,0.97,0.1,0.71,0.69,0.01,0.85,0.36,0.23,1,0.22,0.58,0.84,0.01,,,,,,,,,,,,,
August,27,0.42,0.96,0.01,0.8,0.67,0.02,0.97,0.27,0.25,1,0.06,0.66,0.83,0,0.9,0.42,0.11,0.99,0.14,0.49,0.93,0.04,0.8,0.6,0.03,0.92,0.26,0.32,0.99,0.13,0.68,0.76,0,,,,,,,,,,,,,
August,28,0.51,0.91,0,0.87,0.58,0.05,1,0.18,0.33,0.98,0.02,0.75,0.75,0.01,0.96,0.33,0.18,1,0.07,0.59,0.88,0.01,0.88,0.5,0.07,0.97,0.17,0.41,0.96,0.06,0.78,0.68,0.01,,,,,,,,,,,,,
August,29,0.61,0.84,0.03,0.93,0.49,0.11,0.99,0.11,0.42,0.93,0,0.83,0.66,0.04,0.99,0.24,0.26,0.99,0.03,0.68,0.81,0,0.94,0.4,0.13,1,0.09,0.51,0.92,0.02,0.86,0.58,0.04,,,,,,,,,,,,,
August,30,0.7,0.75,0.08,0.97,0.39,0.19,0.96,0.06,0.52,0.86,0.02,0.89,0.57,0.09,1,0.17,0.35,0.95,0,0.77,0.73,0.03,0.98,0.31,0.2,0.99,0.04,0.6,0.85,0,0.92,0.49,0.1,,,,,,,,,,,,,
August,31,0.78,0.65,0.15,0.99,0.3,0.29,0.9,0.02,0.62,0.77,0.06,0.94,0.47,0.17,0.98,0.1,0.45,0.88,0,0.84,0.63,0.08,1,0.23,0.29,0.96,0.01,0.69,0.77,0.02,0.97,0.4,0.17,,,,,,,,,,,,,
September,1,0.86,0.54,0.24,1,0.21,0.39,0.83,0,0.71,0.67,0.12,0.98,0.37,0.27,0.93,0.05,0.55,0.79,0.03,0.9,0.53,0.15,0.99,0.16,0.39,0.9,0,0.78,0.68,0.06,0.99,0.31,0.25,,,,,,,,,,,,,
September,2,0.92,0.43,0.34,0.98,0.13,0.51,0.74,0,0.8,0.56,0.19,1,0.27,0.38,0.87,0.02,0.65,0.69,0.08,0.95,0.43,0.25,0.96,0.09,0.5,0.82,0.01,0.85,0.58,0.13,1,0.22,0.35,,,,,,,,,,,,,
September,3,0.97,0.32,0.45,0.95,0.07,0.62,0.64,0.02,0.88,0.45,0.28,1,0.18,0.49,0.8,0,0.75,0.58,0.14,0.98,0.32,0.35,0.92,0.04,0.61,0.72,0.04,0.91,0.47,0.22,0.98,0.14,0.46,,,,,,,,,,,,,
September,4,0.99,0.21,0.55,0.9,0.03,0.73,0.54,0.05,0.94,0.33,0.38,0.98,0.1,0.6,0.71,0,0.84,0.47,0.21,1,0.22,0.47,0.85,0.01,0.71,0.61,0.09,0.96,0.36,0.32,0.95,0.08,0.58,,,,,,,,,,,,,
September,5,1,0.12,0.65,0.84,0,0.82,0.44,0.1,0.98,0.23,0.48,0.94,0.04,0.71,0.62,0.03,0.92,0.36,0.3,0.99,0.13,0.58,0.78,0,0.81,0.5,0.15,0.99,0.25,0.43,0.91,0.03,0.69,,,,,,,,,,,,,
September,6,0.98,0.06,0.74,0.77,0.01,0.9,0.35,0.17,1,0.14,0.57,0.89,0.01,0.8,0.52,0.06,0.97,0.26,0.39,0.97,0.06,0.68,0.7,0.01,0.9,0.39,0.22,1,0.15,0.53,0.84,0.01,0.79,,,,,,,,,,,,,
September,7,0.93,0.02,0.82,0.68,0.04,0.96,0.26,0.25,0.99,0.07,0.66,0.82,0,0.88,0.43,0.12,1,0.17,0.49,0.92,0.02,0.77,0.61,0.04,0.96,0.3,0.31,0.98,0.08,0.63,0.77,0,0.88,,,,,,,,,,,,,
September,8,0.86,0,0.88,0.59,0.09,0.99,0.18,0.34,0.95,0.03,0.75,0.74,0.03,0.94,0.34,0.2,0.99,0.1,0.58,0.86,0,0.85,0.51,0.09,0.99,0.21,0.4,0.95,0.03,0.73,0.69,0.03,0.94,,,,,,,,,,,,,
September,9,0.77,0.01,0.94,0.49,0.17,1,0.11,0.43,0.88,0,0.83,0.64,0.08,0.98,0.25,0.29,0.96,0.04,0.67,0.78,0.02,0.92,0.42,0.16,1,0.13,0.49,0.89,0,0.81,0.6,0.07,0.98,,,,,,,,,,,,,
September,10,0.67,0.05,0.97,0.38,0.27,0.98,0.06,0.54,0.79,0,0.89,0.54,0.16,1,0.17,0.39,0.9,0.01,0.76,0.68,0.06,0.96,0.33,0.25,0.97,0.07,0.59,0.8,0.01,0.88,0.5,0.14,1,,,,,,,,,,,,,
September,11,0.55,0.11,0.99,0.28,0.38,0.94,0.02,0.64,0.69,0.03,0.94,0.43,0.25,0.99,0.1,0.49,0.82,0,0.84,0.58,0.13,0.99,0.24,0.36,0.92,0.03,0.69,0.71,0.04,0.93,0.4,0.23,0.99,,,,,,,,,,,,,
September,12,0.44,0.18,1,0.19,0.49,0.88,0,0.75,0.58,0.07,0.98,0.33,0.36,0.97,0.05,0.61,0.72,0.01,0.9,0.46,0.22,1,0.16,0.47,0.85,0.01,0.78,0.6,0.1,0.97,0.3,0.34,0.95,,,,,,,,,,,,,
September,13,0.33,0.27,0.98,0.11,0.61,0.81,0,0.84,0.46,0.13,1,0.22,0.46,0.93,0.02,0.71,0.61,0.03,0.96,0.35,0.31,0.99,0.09,0.58,0.76,0,0.86,0.48,0.17,0.99,0.21,0.45,0.89,,,,,,,,,,,,,
September,14,0.23,0.36,0.95,0.05,0.71,0.73,0.02,0.92,0.36,0.2,0.99,0.13,0.57,0.87,0,0.81,0.51,0.08,0.99,0.25,0.42,0.96,0.04,0.69,0.67,0.01,0.93,0.37,0.26,1,0.13,0.56,0.82,,,,,,,,,,,,,
September,15,0.14,0.45,0.9,0.01,0.8,0.64,0.06,0.97,0.26,0.28,0.97,0.06,0.67,0.8,0.01,0.9,0.4,0.14,1,0.15,0.52,0.92,0.01,0.79,0.57,0.04,0.97,0.26,0.35,0.98,0.06,0.67,0.73,,,,,,,,,,,,,
September,16,0.08,0.55,0.83,0,0.88,0.55,0.12,1,0.17,0.37,0.93,0.02,0.77,0.72,0.04,0.96,0.31,0.21,0.99,0.08,0.62,0.86,0,0.88,0.47,0.09,1,0.17,0.45,0.95,0.02,0.77,0.64,,,,,,,,,,,,,
September,17,0.03,0.64,0.75,0.03,0.94,0.45,0.19,0.99,0.1,0.46,0.86,0,0.84,0.63,0.09,0.99,0.22,0.29,0.95,0.03,0.71,0.79,0.02,0.94,0.37,0.15,0.99,0.09,0.54,0.91,0,0.86,0.55,,,,,,,,,,,,,
September,18,0.01,0.73,0.65,0.08,0.98,0.36,0.28,0.96,0.05,0.56,0.78,0.02,0.91,0.54,0.16,1,0.14,0.38,0.88,0,0.79,0.71,0.07,0.98,0.28,0.22,0.96,0.04,0.64,0.84,0.02,0.93,0.45,,,,,,,,,,,,,
September,19,0,0.81,0.55,0.16,1,0.27,0.38,0.9,0.02,0.65,0.68,0.06,0.96,0.44,0.26,0.98,0.08,0.47,0.8,0.01,0.86,0.61,0.15,1,0.2,0.31,0.9,0.01,0.73,0.76,0.06,0.97,0.36,,,,,,,,,,,,,
September,20,0.02,0.88,0.44,0.25,1,0.19,0.49,0.82,0,0.74,0.57,0.13,0.99,0.35,0.36,0.93,0.04,0.57,0.7,0.04,0.92,0.52,0.24,0.99,0.13,0.4,0.82,0,0.81,0.67,0.13,0.99,0.27,,,,,,,,,,,,,
September,21,0.06,0.93,0.33,0.35,0.98,0.12,0.61,0.72,0.01,0.82,0.46,0.21,1,0.25,0.47,0.86,0.01,0.67,0.59,0.09,0.96,0.42,0.34,0.95,0.07,0.51,0.72,0.02,0.87,0.57,0.22,1,0.19,,,,,,,,,,,,,
September,22,0.11,0.97,0.22,0.46,0.94,0.06,0.72,0.62,0.03,0.89,0.35,0.3,0.99,0.17,0.59,0.78,0,0.76,0.48,0.16,0.99,0.31,0.46,0.9,0.03,0.61,0.61,0.05,0.93,0.47,0.32,0.98,0.12,,,,,,,,,,,,,
September,23,0.18,1,0.13,0.56,0.88,0.02,0.82,0.52,0.07,0.95,0.24,0.4,0.97,0.1,0.7,0.68,0.01,0.85,0.37,0.24,1,0.22,0.57,0.83,0.01,0.71,0.5,0.11,0.97,0.36,0.43,0.94,0.07,,,,,,,,,,,,,
September,24,0.26,1,0.06,0.66,0.82,0,0.9,0.41,0.12,0.99,0.15,0.5,0.93,0.04,0.8,0.59,0.03,0.92,0.26,0.33,0.99,0.13,0.68,0.75,0,0.81,0.39,0.18,0.99,0.26,0.54,0.89,0.03,,,,,,,,,,,,,
September,25,0.35,0.97,0.02,0.75,0.74,0.01,0.96,0.32,0.19,1,0.08,0.6,0.87,0.01,0.88,0.49,0.08,0.97,0.17,0.43,0.96,0.06,0.77,0.66,0.01,0.89,0.29,0.26,1,0.16,0.64,0.82,0,,,,,,,,,,,,,
September,26,0.44,0.93,0,0.83,0.65,0.04,0.99,0.23,0.27,0.99,0.03,0.69,0.8,0,0.94,0.39,0.14,1,0.1,0.52,0.91,0.02,0.86,0.57,0.04,0.96,0.2,0.34,0.98,0.08,0.74,0.74,0,,,,,,,,,,,,,
September,27,0.53,0.86,0.02,0.9,0.56,0.09,1,0.16,0.36,0.95,0,0.78,0.72,0.02,0.98,0.3,0.21,0.99,0.04,0.62,0.85,0,0.92,0.48,0.1,0.99,0.12,0.43,0.94,0.03,0.82,0.66,0.03,,,,,,,,,,,,,
September,28,0.63,0.78,0.06,0.95,0.46,0.17,0.98,0.09,0.45,0.88,0.01,0.85,0.63,0.07,1,0.22,0.3,0.96,0.01,0.7,0.77,0.02,0.97,0.38,0.17,1,0.06,0.53,0.89,0,0.89,0.56,0.07,,,,,,,,,,,,,
September,29,0.72,0.68,0.12,0.98,0.36,0.26,0.93,0.05,0.56,0.8,0.03,0.91,0.53,0.15,0.99,0.15,0.39,0.9,0,0.79,0.68,0.06,0.99,0.29,0.25,0.97,0.02,0.62,0.81,0.01,0.94,0.47,0.14,,,,,,,,,,,,,
September,30,0.81,0.57,0.2,1,0.27,0.37,0.87,0.01,0.66,0.7,0.08,0.96,0.43,0.24,0.96,0.09,0.5,0.82,0.01,0.86,0.58,0.13,1,0.21,0.35,0.92,0,0.71,0.72,0.04,0.98,0.37,0.22,,,,,,,,,,,,,
October,1,0.88,0.46,0.29,1,0.18,0.48,0.79,0,0.75,0.59,0.15,0.99,0.32,0.35,0.91,0.04,0.6,0.72,0.05,0.92,0.47,0.22,0.98,0.14,0.46,0.85,0,0.8,0.61,0.1,1,0.28,0.32,,,,,,,,,,,,,
October,2,0.94,0.34,0.39,0.98,0.1,0.59,0.7,0.01,0.84,0.47,0.22,1,0.22,0.46,0.85,0.01,0.71,0.61,0.1,0.96,0.36,0.32,0.95,0.08,0.57,0.76,0.02,0.87,0.5,0.18,1,0.19,0.43,,,,,,,,,,,,,
October,3,0.98,0.24,0.48,0.94,0.04,0.7,0.61,0.03,0.92,0.36,0.31,0.99,0.14,0.57,0.77,0,0.81,0.5,0.16,0.99,0.26,0.42,0.9,0.03,0.68,0.65,0.05,0.93,0.39,0.27,0.98,0.12,0.55,,,,,,,,,,,,,
October,4,1,0.15,0.58,0.89,0.01,0.8,0.51,0.07,0.97,0.26,0.4,0.97,0.07,0.68,0.69,0.01,0.89,0.39,0.24,1,0.16,0.53,0.84,0,0.78,0.55,0.1,0.98,0.28,0.37,0.94,0.06,0.66,,,,,,,,,,,,,
October,5,0.99,0.08,0.67,0.82,0,0.88,0.41,0.13,1,0.17,0.5,0.92,0.02,0.77,0.6,0.04,0.96,0.29,0.32,0.98,0.08,0.63,0.76,0,0.87,0.45,0.17,1,0.18,0.47,0.89,0.02,0.76,,,,,,,,,,,,,
October,6,0.95,0.03,0.76,0.74,0.02,0.94,0.32,0.2,0.99,0.1,0.59,0.86,0,0.85,0.5,0.09,0.99,0.21,0.41,0.95,0.03,0.73,0.68,0.02,0.94,0.35,0.25,0.99,0.1,0.57,0.83,0,0.85,,,,,,,,,,,,,
October,7,0.88,0,0.83,0.64,0.07,0.98,0.24,0.29,0.96,0.05,0.68,0.78,0.01,0.92,0.41,0.16,1,0.13,0.51,0.89,0,0.81,0.59,0.07,0.98,0.26,0.33,0.96,0.04,0.67,0.75,0.01,0.92,,,,,,,,,,,,,
October,8,0.8,0.01,0.9,0.54,0.15,1,0.16,0.38,0.9,0.01,0.77,0.69,0.06,0.96,0.32,0.25,0.97,0.07,0.6,0.81,0.01,0.88,0.49,0.14,1,0.18,0.43,0.91,0.01,0.75,0.66,0.05,0.97,,,,,,,,,,,,,
October,9,0.69,0.03,0.95,0.44,0.24,0.99,0.1,0.49,0.82,0,0.84,0.58,0.13,0.99,0.23,0.35,0.92,0.03,0.69,0.72,0.04,0.93,0.39,0.22,0.99,0.11,0.52,0.83,0,0.83,0.56,0.12,1,,,,,,,,,,,,,
October,10,0.58,0.07,0.98,0.33,0.35,0.97,0.05,0.6,0.72,0.01,0.91,0.47,0.21,1,0.15,0.46,0.85,0.01,0.78,0.61,0.1,0.97,0.3,0.33,0.95,0.06,0.62,0.73,0.02,0.89,0.46,0.21,1,,,,,,,,,,,,,
October,11,0.47,0.13,1,0.23,0.46,0.92,0.01,0.71,0.61,0.04,0.96,0.36,0.31,0.99,0.08,0.57,0.76,0,0.86,0.5,0.17,0.99,0.21,0.44,0.89,0.02,0.72,0.63,0.06,0.94,0.36,0.31,0.97,,,,,,,,,,,,,
October,12,0.36,0.21,0.99,0.14,0.57,0.86,0,0.81,0.51,0.08,0.99,0.26,0.42,0.96,0.04,0.68,0.66,0.01,0.93,0.38,0.26,1,0.13,0.55,0.81,0,0.81,0.51,0.12,0.98,0.26,0.42,0.93,,,,,,,,,,,,,
October,13,0.26,0.29,0.97,0.07,0.67,0.79,0.01,0.89,0.4,0.14,1,0.16,0.52,0.91,0.01,0.79,0.56,0.05,0.97,0.27,0.36,0.98,0.06,0.66,0.73,0,0.89,0.4,0.2,1,0.16,0.53,0.87,,,,,,,,,,,,,
October,14,0.18,0.38,0.93,0.02,0.77,0.71,0.04,0.96,0.3,0.22,0.99,0.08,0.62,0.85,0,0.87,0.46,0.09,1,0.18,0.45,0.95,0.02,0.77,0.63,0.02,0.95,0.29,0.28,1,0.09,0.64,0.8,,,,,,,,,,,,,
October,15,0.1,0.47,0.87,0,0.85,0.62,0.09,0.99,0.22,0.3,0.95,0.03,0.71,0.78,0.02,0.94,0.36,0.15,0.99,0.1,0.55,0.9,0,0.85,0.54,0.05,0.99,0.2,0.38,0.98,0.03,0.74,0.71,,,,,,,,,,,,,
October,16,0.05,0.57,0.79,0.01,0.91,0.53,0.16,1,0.14,0.39,0.89,0,0.8,0.7,0.07,0.98,0.27,0.23,0.96,0.04,0.65,0.84,0.01,0.92,0.44,0.11,1,0.12,0.47,0.94,0,0.83,0.62,,,,,,,,,,,,,
October,17,0.02,0.66,0.69,0.06,0.96,0.43,0.25,0.98,0.08,0.48,0.81,0.01,0.87,0.61,0.14,1,0.19,0.31,0.91,0.01,0.73,0.76,0.05,0.97,0.35,0.17,0.98,0.06,0.56,0.88,0.01,0.9,0.53,,,,,,,,,,,,,
October,18,0,0.75,0.59,0.12,0.99,0.34,0.35,0.93,0.04,0.58,0.71,0.04,0.93,0.51,0.23,0.99,0.12,0.41,0.83,0,0.81,0.67,0.12,1,0.26,0.26,0.92,0.02,0.66,0.81,0.04,0.95,0.44,,,,,,,,,,,,,
October,19,0.01,0.83,0.47,0.21,1,0.25,0.46,0.86,0.01,0.67,0.61,0.09,0.97,0.41,0.33,0.95,0.07,0.51,0.73,0.02,0.88,0.58,0.21,1,0.18,0.35,0.85,0,0.74,0.72,0.1,0.98,0.34,,,,,,,,,,,,,
October,20,0.03,0.9,0.36,0.3,0.99,0.16,0.58,0.77,0,0.77,0.49,0.16,0.99,0.31,0.44,0.9,0.03,0.61,0.62,0.06,0.93,0.47,0.31,0.98,0.12,0.45,0.76,0.01,0.82,0.62,0.18,1,0.25,,,,,,,,,,,,,
October,21,0.07,0.95,0.25,0.4,0.97,0.09,0.69,0.68,0.01,0.85,0.38,0.24,1,0.22,0.56,0.83,0.01,0.71,0.51,0.11,0.97,0.37,0.42,0.94,0.06,0.56,0.65,0.03,0.89,0.51,0.28,0.99,0.17,,,,,,,,,,,,,
October,22,0.13,0.98,0.16,0.51,0.93,0.04,0.79,0.58,0.04,0.92,0.27,0.34,0.99,0.13,0.67,0.75,0,0.81,0.4,0.18,0.99,0.26,0.53,0.88,0.02,0.67,0.54,0.07,0.94,0.4,0.38,0.97,0.1,,,,,,,,,,,,,
October,23,0.2,1,0.08,0.61,0.87,0.01,0.88,0.48,0.08,0.97,0.18,0.43,0.96,0.07,0.77,0.66,0.01,0.89,0.3,0.26,1,0.17,0.64,0.81,0,0.77,0.44,0.12,0.98,0.29,0.49,0.93,0.05,,,,,,,,,,,,,
October,24,0.28,0.99,0.03,0.7,0.8,0,0.94,0.38,0.14,1,0.1,0.53,0.91,0.02,0.85,0.56,0.05,0.95,0.2,0.35,0.98,0.09,0.74,0.73,0,0.86,0.33,0.19,1,0.19,0.59,0.87,0.01,,,,,,,,,,,,,
October,25,0.36,0.95,0,0.78,0.72,0.02,0.98,0.29,0.21,0.99,0.05,0.62,0.85,0,0.92,0.47,0.1,0.99,0.13,0.44,0.94,0.03,0.82,0.65,0.02,0.94,0.24,0.27,0.99,0.11,0.69,0.81,0,,,,,,,,,,,,,
October,26,0.46,0.89,0.01,0.85,0.63,0.07,1,0.21,0.3,0.96,0.01,0.71,0.78,0.01,0.97,0.37,0.17,1,0.07,0.54,0.89,0,0.89,0.56,0.07,0.98,0.16,0.36,0.96,0.05,0.77,0.73,0.01,,,,,,,,,,,,,
October,27,0.56,0.81,0.03,0.91,0.53,0.14,0.99,0.14,0.39,0.91,0,0.79,0.69,0.05,0.99,0.28,0.25,0.98,0.03,0.63,0.82,0.01,0.95,0.46,0.13,1,0.1,0.45,0.91,0.01,0.85,0.64,0.05,,,,,,,,,,,,,
October,28,0.66,0.71,0.08,0.96,0.43,0.23,0.96,0.08,0.49,0.83,0.01,0.86,0.59,0.12,1,0.2,0.34,0.92,0,0.72,0.73,0.04,0.98,0.37,0.22,0.99,0.05,0.55,0.84,0,0.91,0.54,0.11,,,,,,,,,,,,,
October,29,0.75,0.6,0.15,0.99,0.33,0.34,0.91,0.04,0.6,0.73,0.05,0.92,0.48,0.21,0.98,0.13,0.45,0.85,0,0.8,0.62,0.1,1,0.27,0.31,0.95,0.02,0.64,0.75,0.02,0.96,0.44,0.19,,,,,,,,,,,,,
October,30,0.84,0.49,0.23,1,0.23,0.45,0.84,0.01,0.7,0.62,0.1,0.97,0.37,0.31,0.95,0.07,0.56,0.76,0.02,0.88,0.51,0.18,1,0.19,0.42,0.88,0,0.74,0.64,0.07,0.99,0.34,0.29,,,,,,,,,,,,,
October,31,0.91,0.38,0.32,0.99,0.14,0.56,0.77,0,0.8,0.51,0.16,0.99,0.27,0.42,0.9,0.03,0.67,0.66,0.06,0.93,0.4,0.27,0.98,0.11,0.54,0.8,0.01,0.82,0.53,0.14,1,0.25,0.4,,,,,,,,,,,,,
November,1,0.97,0.27,0.41,0.97,0.07,0.67,0.68,0.01,0.89,0.4,0.24,1,0.17,0.53,0.83,0,0.77,0.55,0.11,0.98,0.29,0.37,0.94,0.06,0.65,0.71,0.03,0.9,0.42,0.22,0.99,0.16,0.52,,,,,,,,,,,,,
November,2,0.99,0.18,0.5,0.92,0.02,0.77,0.59,0.04,0.95,0.3,0.33,0.98,0.09,0.63,0.76,0,0.86,0.45,0.17,1,0.19,0.47,0.89,0.02,0.75,0.61,0.07,0.95,0.31,0.31,0.97,0.09,0.63,,,,,,,,,,,,,
November,3,0.99,0.1,0.6,0.86,0,0.85,0.49,0.09,0.99,0.21,0.42,0.95,0.03,0.73,0.67,0.02,0.94,0.35,0.25,0.99,0.11,0.57,0.82,0,0.85,0.51,0.12,0.99,0.21,0.4,0.93,0.03,0.73,,,,,,,,,,,,,
November,4,0.96,0.05,0.69,0.79,0.01,0.92,0.4,0.16,1,0.13,0.51,0.89,0,0.81,0.58,0.07,0.98,0.26,0.34,0.97,0.05,0.67,0.75,0.01,0.92,0.41,0.19,1,0.13,0.5,0.87,0,0.83,,,,,,,,,,,,,
November,5,0.91,0.01,0.77,0.7,0.05,0.96,0.31,0.24,0.98,0.07,0.61,0.82,0,0.88,0.48,0.13,1,0.18,0.43,0.91,0.01,0.76,0.66,0.05,0.97,0.32,0.27,0.98,0.06,0.59,0.8,0,0.9,,,,,,,,,,,,,
November,6,0.83,0,0.85,0.59,0.12,0.99,0.22,0.34,0.93,0.03,0.7,0.73,0.04,0.94,0.39,0.22,0.99,0.11,0.53,0.84,0,0.83,0.56,0.11,1,0.24,0.36,0.93,0.02,0.69,0.72,0.04,0.95,,,,,,,,,,,,,
November,7,0.73,0.01,0.91,0.49,0.21,1,0.15,0.45,0.85,0.01,0.78,0.62,0.09,0.98,0.29,0.32,0.95,0.06,0.62,0.75,0.02,0.9,0.46,0.2,1,0.16,0.46,0.86,0,0.77,0.62,0.09,0.99,,,,,,,,,,,,,
November,8,0.62,0.04,0.96,0.37,0.31,0.99,0.08,0.56,0.77,0,0.86,0.51,0.17,1,0.2,0.43,0.89,0.02,0.72,0.64,0.06,0.95,0.36,0.3,0.97,0.1,0.56,0.77,0.01,0.84,0.52,0.17,1,,,,,,,,,,,,,
November,9,0.51,0.09,0.99,0.27,0.41,0.96,0.04,0.67,0.67,0.02,0.92,0.4,0.26,1,0.13,0.54,0.81,0,0.81,0.53,0.12,0.98,0.26,0.41,0.93,0.05,0.67,0.66,0.03,0.91,0.41,0.27,0.99,,,,,,,,,,,,,
November,10,0.41,0.15,1,0.17,0.52,0.91,0.01,0.77,0.56,0.05,0.97,0.29,0.36,0.98,0.06,0.65,0.72,0,0.89,0.42,0.2,1,0.17,0.52,0.87,0.02,0.77,0.55,0.08,0.95,0.3,0.38,0.96,,,,,,,,,,,,,
November,11,0.31,0.22,0.99,0.09,0.62,0.85,0,0.86,0.46,0.09,1,0.19,0.46,0.95,0.02,0.76,0.63,0.02,0.95,0.31,0.29,1,0.09,0.63,0.79,0,0.86,0.44,0.14,0.99,0.2,0.49,0.92,,,,,,,,,,,,,
November,12,0.22,0.3,0.95,0.03,0.72,0.78,0.02,0.93,0.36,0.16,1,0.11,0.56,0.9,0,0.85,0.53,0.06,0.99,0.21,0.38,0.98,0.03,0.73,0.71,0.01,0.93,0.33,0.22,1,0.12,0.6,0.85,,,,,,,,,,,,,
November,13,0.14,0.39,0.9,0,0.8,0.69,0.06,0.98,0.27,0.23,0.97,0.05,0.65,0.84,0.01,0.92,0.44,0.11,1,0.13,0.47,0.94,0,0.82,0.62,0.03,0.98,0.24,0.3,0.99,0.05,0.7,0.78,,,,,,,,,,,,,
November,14,0.08,0.49,0.82,0,0.87,0.6,0.13,1,0.19,0.31,0.92,0.01,0.74,0.76,0.05,0.97,0.34,0.17,0.98,0.07,0.57,0.89,0,0.9,0.52,0.07,1,0.16,0.39,0.96,0.01,0.78,0.7,,,,,,,,,,,,,
November,15,0.04,0.58,0.73,0.03,0.93,0.51,0.22,0.99,0.12,0.41,0.84,0,0.82,0.68,0.11,0.99,0.26,0.25,0.93,0.02,0.66,0.81,0.03,0.95,0.43,0.13,0.99,0.09,0.48,0.92,0,0.86,0.61,,,,,,,,,,,,,
November,16,0.01,0.68,0.62,0.09,0.97,0.41,0.32,0.95,0.07,0.51,0.75,0.02,0.88,0.58,0.2,1,0.18,0.35,0.86,0,0.75,0.73,0.09,0.99,0.34,0.21,0.95,0.04,0.58,0.85,0.02,0.92,0.52,,,,,,,,,,,,,
November,17,0,0.77,0.51,0.16,0.99,0.31,0.43,0.9,0.03,0.61,0.64,0.05,0.94,0.48,0.3,0.98,0.11,0.45,0.77,0.01,0.82,0.63,0.17,1,0.25,0.3,0.88,0.01,0.67,0.76,0.07,0.97,0.42,,,,,,,,,,,,,
November,18,0.01,0.85,0.4,0.24,1,0.22,0.54,0.83,0.01,0.71,0.53,0.11,0.97,0.37,0.41,0.94,0.06,0.55,0.66,0.03,0.89,0.52,0.27,0.99,0.17,0.41,0.8,0,0.76,0.66,0.14,0.99,0.32,,,,,,,,,,,,,
November,19,0.04,0.92,0.29,0.34,0.99,0.14,0.65,0.74,0,0.8,0.41,0.18,1,0.27,0.52,0.88,0.02,0.66,0.55,0.07,0.94,0.41,0.37,0.97,0.1,0.52,0.7,0.01,0.84,0.55,0.23,1,0.23,,,,,,,,,,,,,
November,20,0.08,0.97,0.19,0.44,0.96,0.07,0.76,0.65,0.02,0.88,0.31,0.27,1,0.17,0.63,0.81,0,0.76,0.45,0.13,0.98,0.31,0.48,0.93,0.05,0.63,0.6,0.04,0.91,0.44,0.32,0.99,0.15,,,,,,,,,,,,,
November,21,0.14,0.99,0.11,0.53,0.91,0.02,0.84,0.56,0.05,0.95,0.21,0.36,0.98,0.09,0.73,0.73,0,0.85,0.34,0.2,1,0.2,0.59,0.87,0.01,0.74,0.5,0.08,0.96,0.33,0.42,0.96,0.08,,,,,,,,,,,,,
November,22,0.21,1,0.05,0.63,0.85,0,0.92,0.46,0.1,0.99,0.13,0.45,0.95,0.04,0.82,0.64,0.02,0.93,0.25,0.28,0.99,0.12,0.68,0.8,0,0.83,0.39,0.13,0.99,0.23,0.52,0.92,0.03,,,,,,,,,,,,,
November,23,0.29,0.97,0.01,0.72,0.78,0.01,0.97,0.37,0.16,1,0.07,0.54,0.89,0,0.89,0.55,0.07,0.98,0.17,0.36,0.97,0.05,0.77,0.72,0.01,0.91,0.3,0.2,1,0.14,0.62,0.86,0,,,,,,,,,,,,,
November,24,0.39,0.92,0,0.8,0.69,0.05,0.99,0.28,0.24,0.98,0.03,0.64,0.82,0,0.94,0.45,0.13,1,0.1,0.46,0.92,0.01,0.85,0.63,0.05,0.97,0.22,0.29,0.98,0.07,0.71,0.79,0,,,,,,,,,,,,,
November,25,0.49,0.84,0.01,0.87,0.59,0.11,1,0.2,0.33,0.93,0,0.72,0.74,0.03,0.98,0.36,0.21,0.99,0.05,0.55,0.85,0,0.91,0.54,0.1,0.99,0.14,0.38,0.94,0.02,0.79,0.71,0.03,,,,,,,,,,,,,
November,26,0.59,0.74,0.05,0.92,0.49,0.2,0.98,0.13,0.44,0.86,0,0.81,0.64,0.09,1,0.27,0.3,0.95,0.02,0.65,0.76,0.02,0.96,0.44,0.18,1,0.08,0.47,0.87,0,0.86,0.61,0.09,,,,,,,,,,,,,
November,27,0.69,0.64,0.1,0.97,0.38,0.3,0.95,0.07,0.55,0.77,0.02,0.88,0.53,0.17,1,0.19,0.41,0.89,0,0.74,0.66,0.06,0.99,0.34,0.28,0.97,0.04,0.57,0.78,0.01,0.92,0.51,0.16,,,,,,,,,,,,,
November,28,0.79,0.53,0.17,0.99,0.28,0.41,0.89,0.03,0.65,0.67,0.06,0.93,0.42,0.26,0.98,0.12,0.52,0.81,0.01,0.82,0.55,0.13,1,0.25,0.39,0.92,0.01,0.67,0.68,0.04,0.96,0.41,0.26,,,,,,,,,,,,,
November,29,0.88,0.42,0.24,1,0.18,0.52,0.83,0.01,0.76,0.56,0.11,0.98,0.31,0.36,0.94,0.06,0.63,0.71,0.03,0.89,0.44,0.21,0.99,0.16,0.5,0.85,0,0.77,0.57,0.09,0.99,0.3,0.37,,,,,,,,,,,,,
November,30,0.94,0.31,0.33,0.99,0.1,0.62,0.75,0,0.85,0.45,0.17,1,0.2,0.47,0.89,0.02,0.74,0.61,0.07,0.95,0.33,0.31,0.97,0.09,0.61,0.77,0.01,0.85,0.46,0.16,1,0.21,0.48,,,,,,,,,,,,,
December,1,0.99,0.22,0.42,0.95,0.04,0.72,0.67,0.02,0.93,0.35,0.25,1,0.12,0.57,0.82,0,0.83,0.51,0.12,0.99,0.22,0.4,0.93,0.04,0.72,0.68,0.03,0.93,0.35,0.24,0.99,0.12,0.59,,,,,,,,,,,,,
December,2,1,0.14,0.52,0.9,0.01,0.81,0.58,0.06,0.98,0.26,0.34,0.97,0.05,0.67,0.74,0.01,0.91,0.41,0.19,1,0.14,0.5,0.88,0.01,0.81,0.59,0.08,0.98,0.25,0.33,0.96,0.05,0.69,,,,,,,,,,,,,
December,3,0.98,0.08,0.61,0.83,0,0.88,0.48,0.12,1,0.18,0.43,0.92,0.01,0.76,0.66,0.04,0.96,0.32,0.27,0.98,0.07,0.6,0.8,0,0.89,0.49,0.14,1,0.16,0.42,0.91,0.01,0.79,,,,,,,,,,,,,
December,4,0.93,0.03,0.7,0.74,0.03,0.94,0.39,0.2,0.99,0.11,0.53,0.85,0,0.83,0.56,0.1,0.99,0.24,0.36,0.94,0.02,0.69,0.72,0.03,0.95,0.4,0.21,0.99,0.09,0.51,0.85,0,0.87,,,,,,,,,,,,,
December,5,0.86,0.01,0.79,0.64,0.09,0.97,0.29,0.3,0.95,0.06,0.62,0.76,0.02,0.9,0.46,0.18,1,0.16,0.45,0.87,0,0.77,0.63,0.09,0.99,0.31,0.3,0.95,0.04,0.61,0.77,0.02,0.93,,,,,,,,,,,,,
December,6,0.78,0,0.86,0.53,0.16,1,0.21,0.41,0.89,0.02,0.72,0.66,0.06,0.95,0.36,0.28,0.97,0.1,0.56,0.78,0.01,0.85,0.53,0.16,1,0.23,0.4,0.89,0.01,0.7,0.67,0.07,0.97,,,,,,,,,,,,,
December,7,0.68,0.01,0.92,0.42,0.25,1,0.13,0.52,0.82,0,0.81,0.55,0.12,0.98,0.27,0.39,0.93,0.05,0.66,0.68,0.03,0.91,0.42,0.26,0.99,0.15,0.51,0.8,0,0.78,0.57,0.14,0.99,,,,,,,,,,,,,
December,8,0.57,0.05,0.97,0.3,0.35,0.98,0.07,0.63,0.73,0,0.89,0.43,0.2,1,0.18,0.5,0.87,0.02,0.76,0.57,0.08,0.96,0.31,0.37,0.96,0.09,0.61,0.71,0.01,0.85,0.46,0.23,1,,,,,,,,,,,,,
December,9,0.47,0.09,1,0.2,0.45,0.95,0.02,0.74,0.63,0.02,0.95,0.32,0.29,1,0.1,0.61,0.79,0,0.85,0.46,0.14,0.99,0.21,0.48,0.91,0.04,0.72,0.6,0.04,0.92,0.35,0.33,0.98,,,,,,,,,,,,,
December,10,0.37,0.16,1,0.12,0.56,0.9,0,0.83,0.53,0.05,0.99,0.22,0.38,0.98,0.04,0.72,0.7,0.01,0.92,0.35,0.22,1,0.13,0.59,0.85,0.01,0.82,0.49,0.09,0.96,0.24,0.43,0.95,,,,,,,,,,,,,
December,11,0.28,0.23,0.97,0.05,0.65,0.84,0.01,0.91,0.44,0.1,1,0.14,0.48,0.94,0.01,0.81,0.61,0.03,0.97,0.25,0.3,0.99,0.06,0.69,0.78,0,0.9,0.39,0.15,0.99,0.15,0.54,0.91,,,,,,,,,,,,,
December,12,0.19,0.31,0.93,0.01,0.74,0.76,0.04,0.96,0.34,0.17,0.98,0.07,0.57,0.89,0,0.89,0.52,0.07,1,0.16,0.39,0.97,0.01,0.78,0.7,0.01,0.96,0.29,0.23,1,0.07,0.64,0.84,,,,,,,,,,,,,
December,13,0.12,0.41,0.85,0,0.82,0.68,0.1,0.99,0.26,0.25,0.94,0.02,0.67,0.82,0.03,0.95,0.43,0.13,0.99,0.1,0.49,0.92,0,0.86,0.61,0.04,0.99,0.21,0.31,0.98,0.02,0.73,0.77,,,,,,,,,,,,,
December,14,0.07,0.5,0.76,0.01,0.88,0.58,0.18,1,0.18,0.34,0.87,0,0.75,0.73,0.08,0.98,0.33,0.2,0.95,0.04,0.58,0.86,0.02,0.92,0.51,0.1,1,0.13,0.4,0.94,0,0.81,0.69,,,,,,,,,,,,,
December,15,0.03,0.6,0.66,0.05,0.94,0.48,0.28,0.98,0.11,0.44,0.78,0,0.83,0.64,0.16,1,0.25,0.29,0.89,0.01,0.67,0.77,0.06,0.96,0.42,0.17,0.97,0.07,0.49,0.88,0.01,0.88,0.59,,,,,,,,,,,,,
December,16,0.01,0.7,0.55,0.11,0.97,0.38,0.39,0.94,0.06,0.54,0.68,0.03,0.89,0.54,0.26,0.99,0.17,0.39,0.81,0,0.76,0.68,0.13,0.99,0.32,0.26,0.92,0.03,0.59,0.8,0.04,0.93,0.5,,,,,,,,,,,,,
December,17,0,0.79,0.43,0.18,1,0.28,0.5,0.88,0.02,0.65,0.57,0.07,0.95,0.43,0.36,0.97,0.1,0.5,0.71,0.01,0.84,0.57,0.22,1,0.24,0.37,0.85,0.01,0.69,0.7,0.1,0.97,0.4,,,,,,,,,,,,,
December,18,0.01,0.88,0.32,0.27,1,0.19,0.61,0.81,0,0.75,0.46,0.13,0.98,0.32,0.47,0.93,0.05,0.61,0.61,0.03,0.9,0.46,0.32,0.99,0.15,0.48,0.76,0,0.78,0.59,0.17,0.99,0.3,,,,,,,,,,,,,
December,19,0.04,0.94,0.22,0.36,0.98,0.1,0.72,0.73,0,0.84,0.35,0.2,1,0.22,0.58,0.87,0.02,0.72,0.5,0.08,0.96,0.35,0.42,0.96,0.09,0.59,0.67,0.01,0.86,0.48,0.26,1,0.21,,,,,,,,,,,,,
December,20,0.09,0.98,0.14,0.45,0.95,0.04,0.81,0.64,0.02,0.92,0.26,0.28,1,0.13,0.68,0.8,0,0.82,0.4,0.13,0.99,0.24,0.52,0.92,0.04,0.7,0.57,0.04,0.93,0.36,0.35,0.99,0.12,,,,,,,,,,,,,
December,21,0.16,1,0.07,0.55,0.9,0.01,0.88,0.55,0.06,0.97,0.17,0.37,0.97,0.06,0.77,0.72,0.01,0.9,0.31,0.2,1,0.15,0.62,0.86,0.01,0.8,0.47,0.09,0.97,0.26,0.45,0.95,0.06,,,,,,,,,,,,,
December,22,0.23,0.99,0.03,0.64,0.83,0,0.94,0.45,0.12,1,0.1,0.46,0.93,0.02,0.85,0.63,0.04,0.96,0.22,0.29,0.99,0.07,0.71,0.79,0,0.88,0.37,0.15,1,0.17,0.54,0.91,0.02,,,,,,,,,,,,,
December,23,0.32,0.94,0,0.73,0.74,0.03,0.98,0.36,0.19,0.99,0.05,0.55,0.86,0,0.91,0.54,0.09,0.99,0.15,0.37,0.95,0.02,0.79,0.71,0.03,0.95,0.28,0.22,0.99,0.09,0.64,0.84,0,,,,,,,,,,,,,
December,24,0.43,0.87,0,0.81,0.65,0.08,1,0.27,0.29,0.96,0.02,0.65,0.78,0.02,0.96,0.44,0.17,1,0.09,0.47,0.88,0,0.86,0.62,0.08,0.98,0.2,0.31,0.96,0.04,0.72,0.76,0.02,,,,,,,,,,,,,
December,25,0.53,0.78,0.02,0.88,0.54,0.16,1,0.19,0.39,0.9,0,0.74,0.68,0.06,0.99,0.35,0.26,0.97,0.04,0.57,0.8,0.01,0.92,0.52,0.15,1,0.13,0.4,0.9,0.01,0.8,0.67,0.06,,,,,,,,,,,,,
December,26,0.64,0.68,0.06,0.93,0.43,0.25,0.98,0.12,0.5,0.82,0,0.82,0.57,0.13,1,0.26,0.37,0.93,0.01,0.67,0.7,0.04,0.96,0.42,0.24,0.99,0.08,0.5,0.82,0,0.87,0.57,0.13,,,,,,,,,,,,,
December,27,0.74,0.57,0.11,0.97,0.32,0.36,0.94,0.06,0.61,0.72,0.03,0.89,0.46,0.21,0.99,0.17,0.48,0.86,0,0.76,0.59,0.09,0.99,0.31,0.35,0.95,0.03,0.61,0.72,0.02,0.93,0.47,0.22,,,,,,,,,,,,,
December,28,0.84,0.47,0.18,1,0.22,0.46,0.89,0.02,0.72,0.62,0.06,0.95,0.34,0.3,0.97,0.1,0.59,0.78,0.01,0.85,0.47,0.16,1,0.22,0.46,0.9,0.01,0.71,0.61,0.05,0.97,0.36,0.32,,,,,,,,,,,,,
December,29,0.92,0.36,0.25,1,0.13,0.57,0.82,0,0.82,0.52,0.12,0.99,0.24,0.4,0.93,0.04,0.7,0.69,0.03,0.92,0.36,0.24,0.99,0.13,0.57,0.83,0,0.81,0.5,0.1,0.99,0.25,0.43,,,,,,,,,,,,,
December,30,0.97,0.27,0.34,0.97,0.06,0.66,0.74,0.01,0.9,0.42,0.19,1,0.15,0.5,0.88,0.01,0.8,0.59,0.07,0.97,0.26,0.33,0.96,0.06,0.68,0.76,0.01,0.89,0.39,0.17,1,0.16,0.54,,,,,,,,,,,,,
December,31,1,0.18,0.43,0.93,0.02,0.75,0.66,0.04,0.96,0.32,0.26,0.99,0.08,0.6,0.81,0,0.88,0.49,0.13,1,0.17,0.42,0.92,0.02,0.77,0.67,0.04,0.96,0.29,0.25,0.98,0.08,0.64,,,,,,,,,,,,,
